,Q_f_i [m^3/hr],TDS_f_i [mg/L],Q_c_i [m^3/hr],Q_p_i [m^3/hr],TDS_p_i [mg/L],TDS_c_i [mg/L],P_f_i [psi],P_c_i [psi],c_f_i [ppm],c_c_i [ppm],c_p_i [ppm],rr_i [-],c_fc_i [ppm],pf_i [-],TDS_m_i [mg/L],pi_m_i [psi],pi_p_i [psi],A [m/(s*Pa)],B [m/s],R [-]
0,4,35789,3.87,0.13,7142.615385,36722,354.6959,348.4959,35036.16594,35925.88357,7139.659762,0.031593602,35493.6403,1.004533383,36360.32235,415.5280534,81.62625839,8.18E-12,3.64E-08,0.796220289
1,4.5,35789,4.37,0.13,6991.153846,36642,354.6959,347.2959,35036.16594,35849.63953,6989.085746,0.029642154,35452.28004,1.004208832,36311.03912,414.9648416,79.89534639,2.24E-11,3.57E-08,0.800517963
2,4.99,35789,4.87,0.13,7099.769231,36535,354.6959,346.0959,35036.16594,35747.65002,7097.078237,0.025731396,35401.78468,1.003668294,36246.37197,414.2258213,81.13660985,9.41E-12,3.63E-08,0.797435648
3,5.49,35789,5.37,0.13,7130.846154,36459,354.6959,344.8959,35036.16594,35675.19977,7127.951547,0.022789963,35367.11914,1.003290068,36201.97019,413.718395,81.49175888,8.09E-12,3.65E-08,0.796554464
4,5.99,35789,5.87,0.12,7139.916667,36399,354.6959,343.5959,35036.16594,35617.99686,7136.950734,0.020824734,35338.52035,1.002979476,36162.60567,413.2685347,81.59541727,7.41E-12,3.39E-08,0.79629761
5,6.49,35789,6.37,0.12,7161.416667,36348,354.6959,342.1959,35036.16594,35569.37067,7158.314854,0.019840639,35313.97405,1.002803924,36133.96801,412.9412618,81.84112063,7.48E-12,3.40E-08,0.795687837
6,4,35791,3.83,0.17,5729.058824,37101,374.6959,368.4959,35038.07438,36286.97594,5732.69118,0.042268293,35687.78903,1.006112892,36618.00206,418.4728334,65.472045,8.33E-12,3.73E-08,0.836386808
7,4.49,35791,4.33,0.17,5690.058824,36958,374.6959,367.3959,35038.07438,36150.75471,5693.841994,0.038397695,35617.98056,1.005533039,36530.86929,417.4770746,65.02635054,8.28E-12,3.71E-08,0.837495579
8,4.99,35791,4.83,0.17,5668,36840,374.6959,366.1959,35038.07438,36038.32825,5671.865236,0.033542106,35560.46278,1.004829412,36452.28192,416.5789732,64.77426092,8.06E-12,3.71E-08,0.838122804
9,5.49,35791,5.33,0.17,5658.764706,36742,374.6959,364.8959,35038.07438,35944.94327,5662.661293,0.031593602,35512.69372,1.004539746,36396.06195,415.9364878,64.66871939,8.21E-12,3.71E-08,0.838385488
10,5.99,35791,5.83,0.17,5660,36659,374.6959,363.5959,35038.07438,35865.84209,5663.886444,0.027688741,35472.53574,1.003960821,36338.66333,415.2805328,64.68283641,8.06E-12,3.71E-08,0.838350522
11,6.49,35791,6.33,0.17,5669.764706,36587,374.6959,362.2959,35038.07438,35797.21689,5673.60775,0.026710561,35437.53768,1.003836815,36300.24683,414.8415066,64.79442809,8.21E-12,3.72E-08,0.838073072
12,6.99,35791,6.83,0.17,5686.411765,36525,374.6959,360.8959,35038.07438,35738.11753,5690.18331,0.024752232,35407.43955,1.003547554,36261.70755,414.4010773,64.98467172,8.24E-12,3.74E-08,0.837599999
13,7.49,35791,7.33,0.17,5709.117647,36470,374.6959,359.4959,35038.07438,35685.68646,5712.792501,0.021807842,35380.99625,1.003134375,36223.00705,413.9588055,65.24415598,8.19E-12,3.75E-08,0.836954724
14,7.99,35791,7.83,0.17,5737,36422,374.6959,357.9959,35038.07438,35639.9252,5740.555175,0.020824734,35357.87755,1.002969149,36195.09937,413.6398749,65.56279726,8.26E-12,3.77E-08,0.836162367
15,8.49,35791,8.33,0.17,5769.823529,36378,374.6959,356.4959,35038.07438,35597.97473,5773.237197,0.019841627,35336.83177,1.002845317,36170.62642,413.3601964,65.93790662,8.39E-12,3.80E-08,0.83522961
16,4,35793,3.77,0.23,4468.391304,37668,394.6959,388.5959,35039.98281,36826.83505,4475.339928,0.056674363,35988.49325,1.008313129,36981.53893,422.6273556,51.0650572,8.27E-12,3.89E-08,0.872279049
17,4.49,35793,4.27,0.23,4402.217391,37475,394.6959,387.4959,35039.98281,36643.12058,4409.302957,0.05093211,35891.42503,1.007423343,36857.66218,421.2116843,50.30881756,8.07E-12,3.85E-08,0.874163667
18,4.99,35793,4.76,0.24,4360,37315,394.6959,386.2959,35039.98281,36490.78159,4367.178682,0.046127195,35811.38771,1.006701789,36760.01421,420.0957572,49.82635455,8.25E-12,3.98E-08,0.875365844
19,5.49,35793,5.26,0.24,4328.916667,37179,394.6959,384.9959,35039.98281,36361.26717,4336.150709,0.042269266,35744.12395,1.006144048,36675.95322,419.1351029,49.47113226,8.25E-12,3.96E-08,0.876251346
20,5.99,35793,5.76,0.24,4310.125,37064,394.6959,383.6959,35039.98281,36251.73245,4317.389132,0.039367052,35686.82075,1.005703896,36605.4872,418.3298128,49.25637991,8.23E-12,3.95E-08,0.876786779
21,6.49,35793,6.26,0.24,4301.791667,36963,394.6959,382.3959,35039.98281,36155.51814,4309.065382,0.03645898,35636.98283,1.005293392,36543.44919,417.6208385,49.16114605,8.25E-12,3.95E-08,0.877024329
22,6.99,35793,6.76,0.24,4301.666667,36875,394.6959,380.9959,35039.98281,36071.67698,4308.934102,0.033542106,35593.71242,1.004853548,36486.7537,416.9729189,49.15971755,8.27E-12,3.95E-08,0.877028076
23,7.49,35793,7.26,0.24,4308.666667,36797,394.6959,379.5959,35039.98281,35997.35475,4315.912975,0.031595564,35555.56313,1.004589933,36441.0599,416.4507272,49.23971399,8.33E-12,3.96E-08,0.876828907
24,7.99,35793,7.76,0.24,4322.291667,36727,394.6959,378.0959,35039.98281,35930.64855,4329.504029,0.028666921,35521.3513,1.004150397,36393.49333,415.9071335,49.39542134,8.28E-12,3.98E-08,0.876441034
25,8.49,35793,8.26,0.23,4336.652174,36665,394.6959,376.5959,35039.98281,35871.56055,4343.814267,0.027689725,35490.70766,1.004025648,36357.12533,415.4915177,49.55953412,8.13E-12,3.84E-08,0.876032637
26,8.99,35793,8.76,0.23,4360.130435,36609,394.6959,374.9959,35039.98281,35818.18642,4367.235489,0.02573238,35463.64612,1.003720083,36321.05095,415.0792574,49.82784517,8.18E-12,3.86E-08,0.875364223
27,9.49,35793,9.26,0.23,4387.869565,36558,394.6959,373.3959,35039.98281,35769.57426,4394.906612,0.023772083,35438.55534,1.003445199,36287.90576,414.7004721,50.1448497,8.20E-12,3.89E-08,0.874574521
28,9.99,35793,9.76,0.23,4419.782609,36512,394.6959,371.7959,35039.98281,35725.72509,4426.739969,0.02279095,35416.20122,1.003323076,36262.28623,414.4076905,50.50955397,8.32E-12,3.91E-08,0.873666035
29,10.5,35793,10.3,0.22,4405,36469,394.6959,370.0959,35039.98281,35684.73313,4411.978803,0.020825722,35395.54892,1.003059339,36221.04939,413.9364333,50.34061739,8.05E-12,3.79E-08,0.874087301
30,11,35793,10.8,0.22,4441.5,36431,394.6959,368.3959,35039.98281,35648.50567,4448.386612,0.020825722,35376.76775,1.003059339,36203.53931,413.736327,50.75774168,8.24E-12,3.82E-08,0.873048265
31,3.99,35795,3.69,0.31,3471.16129,38489,414.6959,408.6959,35041.89124,37607.7933,3479.011308,0.077504472,36445.23927,1.011676655,37538.38115,428.9909836,39.66864981,7.93E-12,3.97E-08,0.900718506
32,4.49,35795,4.18,0.31,3376.322581,38238,414.6959,407.5959,35041.89124,37369.12813,3384.232985,0.069975784,36314.62877,1.010511805,37371.41522,427.0828864,38.58482706,7.61E-12,3.89E-08,0.903423221
33,4.99,35795,4.67,0.32,3278.0625,38028,414.6959,406.3959,35041.89124,37169.38515,3286.000283,0.064296213,36205.55111,1.009695237,37212.08098,425.2620048,37.46190467,7.73E-12,3.95E-08,0.906226514
34,5.49,35795,5.17,0.33,3242.090909,37847,414.6959,405.1959,35041.89124,36997.17967,3250.046999,0.060491569,36112.62824,1.009014264,37117.64305,424.182762,37.05081907,7.89E-12,4.02E-08,0.907252523
35,5.99,35795,5.66,0.33,3201.121212,37690,414.6959,403.8959,35041.89124,36847.77351,3209.084525,0.055725383,36031.77734,1.008308201,37016.18231,423.0232624,36.58261479,7.77E-12,3.98E-08,0.90842148
36,6.49,35795,6.16,0.33,3171.969697,37552,414.6959,402.4959,35041.89124,36716.42181,3179.933956,0.051899489,35961.69245,1.007752317,36929.92736,422.0375354,36.24946944,7.74E-12,3.95E-08,0.909253358
37,6.99,35795,6.66,0.33,3152.333333,37429,414.6959,401.1959,35041.89124,36599.32654,3160.295148,0.0480581,35899.60559,1.007153756,36850.20345,421.1264456,36.02506384,7.67E-12,3.94E-08,0.909813796
38,7.49,35795,7.16,0.33,3140.242424,37320,414.6959,399.6959,35041.89124,36495.54269,3148.198888,0.045168552,35844.4565,1.00670497,36782.27531,420.3501584,35.88688817,7.69E-12,3.93E-08,0.91015899
39,7.99,35795,7.66,0.33,3135.090909,37221,414.6959,398.2959,35041.89124,36401.26685,3143.04025,0.042273167,35794.69339,1.006256543,36719.56152,419.6334613,35.82801633,7.70E-12,3.93E-08,0.910306204
40,8.49,35795,8.16,0.33,3136.484848,37131,414.6959,396.7959,35041.89124,36315.55043,3144.425434,0.040340314,35749.51613,1.006000523,36667.78405,419.0417452,35.84394635,7.76E-12,3.93E-08,0.910266674
41,8.99,35795,8.66,0.33,3142.636364,37050,414.6959,395.1959,35041.89124,36238.39661,3150.565875,0.036461918,35709.00399,1.005403039,36609.16357,418.3718266,35.91424626,7.74E-12,3.94E-08,0.910091443
42,9.49,35795,9.16,0.33,3153.909091,36976,414.6959,393.5959,35041.89124,36167.90291,3161.825919,0.035492564,35672.10692,1.005296569,36570.3517,417.928282,36.04307169,7.86E-12,3.96E-08,0.909770112
43,9.99,35795,9.65,0.33,3116.606061,36921,414.6959,391.9959,35041.89124,36115.50431,3124.469802,0.033546026,35649.40158,1.005019166,36526.94677,417.4322479,35.61677032,8.27E-12,3.94E-08,0.910836154
44,10.5,35795,10.2,0.32,3169.71875,36845,414.6959,390.2959,35041.89124,36043.09245,3177.597218,0.03159851,35607.02645,1.004736796,36480.77283,416.9045691,36.22374547,7.77E-12,3.88E-08,0.909320042
45,11,35795,10.7,0.32,3192.28125,36787,414.6959,388.6959,35041.89124,35987.82569,3200.139589,0.029647064,35578.08738,1.004429026,36443.40795,416.4775609,36.48159114,7.78E-12,3.91E-08,0.908676744
46,11.5,35795,11.2,0.33,3182.69697,36745,414.6959,386.8959,35041.89124,35947.80218,3190.502224,0.028670854,35561.30118,1.004315899,36421.44129,416.2265245,36.37206139,8.55E-12,4.02E-08,0.908951769
47,12,35795,11.7,0.31,3206.935484,36683,414.6959,385.1959,35041.89124,35888.71565,3214.764336,0.026715484,35526.60697,1.004073397,36371.48521,415.6556234,36.64906065,7.73E-12,3.85E-08,0.908259394
48,12.5,35795,12.2,0.31,3237.548387,36637,414.6959,383.3959,35041.89124,35844.874,3245.348636,0.025734351,35503.6929,1.003869102,36343.91027,415.3404951,36.99890684,7.88E-12,3.88E-08,0.907386602
49,13,35795,12.7,0.31,3245.193548,36605,414.6959,381.5959,35041.89124,35814.37382,3252.922432,0.024756172,35490.65565,1.003778558,36329.73481,415.1784971,37.08627622,8.35E-12,3.87E-08,0.907170466
50,13.5,35795,13.2,0.31,3307.16129,36554,414.6959,379.6959,35041.89124,35765.7614,3314.891056,0.022793911,35461.90785,1.003483972,36293.36144,414.76282,37.79444748,8.06E-12,3.96E-08,0.905402051
51,14,35795,13.7,0.31,3345.225806,36517,414.6959,377.7959,35041.89124,35730.49144,3352.911884,0.021809816,35443.04181,1.003279819,36269.32526,414.488133,38.22945117,8.20E-12,4.00E-08,0.90431704
52,14.5,35795,14.2,0.31,3373.290323,36487,414.6959,375.8959,35041.89124,35701.89285,3380.900282,0.020827698,35430.35838,1.003166639,36254.7128,414.3211409,38.55017422,8.48E-12,4.02E-08,0.903518327
53,3.99,35797,3.58,0.4,2669.225,39584,434.6959,428.8959,35043.79967,38648.02569,2676.6876,0.10259307,37083.77142,1.016523815,38183.78221,436.3666676,30.50407138,7.39E-12,3.95E-08,0.923618796
54,4.49,35797,4.07,0.44,2607.113636,39277,434.6959,427.7959,35043.79967,38356.53737,2614.576302,0.09522293,36916.50947,1.015026277,38044.14876,434.7709277,29.79425881,7.74E-12,4.18E-08,0.925391187
55,4.99,35797,4.55,0.44,2516.204545,39014,434.6959,426.5959,35043.79967,38106.72882,2523.612507,0.088726902,36774.58407,1.013894478,37871.14927,432.7938786,28.75534399,7.48E-12,4.06E-08,0.927986904
56,5.49,35797,5.04,0.44,2443.454545,38786,434.6959,425.3959,35043.79967,37890.09219,2450.806496,0.082200571,36652.02187,1.012813328,37718.75476,431.0523046,27.92395241,7.25E-12,3.97E-08,0.930064476
57,5.99,35797,5.53,0.47,2367.382979,38584,434.6959,424.0959,35043.79967,37698.10339,2374.667314,0.077522619,36544.35794,1.01217166,37576.0933,429.4219605,27.05460176,7.62E-12,4.16E-08,0.932237162
58,6.49,35797,6.02,0.47,2321.617021,38405,434.6959,422.7959,35043.79967,37527.93041,2328.852018,0.07187758,36449.98936,1.011251715,37457.15008,428.0626698,26.53158551,7.46E-12,4.10E-08,0.933544535
59,6.99,35797,6.51,0.47,2285.553191,38243,434.6959,421.3959,35043.79967,37373.88321,2292.745538,0.068098924,36364.50209,1.010634045,37357.54593,426.9243874,26.11944579,7.38E-12,4.05E-08,0.934574859
60,7.49,35797,7.01,0.48,2270.375,38097,434.6959,419.9959,35043.79967,37235.02132,2277.550563,0.064309697,36288.24233,1.009983911,37279.49309,426.0323946,25.94598847,7.48E-12,4.09E-08,0.935008458
61,7.99,35797,7.5,0.49,2270.795918,37964,434.6959,418.4959,35043.79967,37108.49969,2277.96398,0.061456954,36219.14096,1.009432654,37215.9318,425.3060121,25.95079875,7.60E-12,4.14E-08,0.934996661
62,8.49,35797,8,0.49,2245.387755,37851,434.6959,416.9959,35043.79967,37000.98578,2252.523994,0.058601307,36158.27624,1.008999981,37143.59009,424.4792865,25.66043266,7.72E-12,4.10E-08,0.93572261
63,8.99,35797,8.5,0.49,2245.183673,37729,434.6959,415.4959,35043.79967,36884.89014,2252.308691,0.05573505,36097.93401,1.008523975,37070.67599,423.6460195,25.6581004,7.61E-12,4.10E-08,0.935728753
64,9.49,35797,9,0.49,2202.979592,37626,434.6959,413.8959,35043.79967,36786.85987,2210.040807,0.05094957,36044.967,1.007933424,36971.38838,422.5113545,25.1757895,7.54E-12,4.11E-08,0.936934898
65,9.99,35797,9.5,0.49,2191.326531,37537,434.6959,412.2959,35043.79967,36702.14296,2198.369318,0.049990933,35997.75025,1.007803995,36923.92553,421.9689461,25.04261758,7.74E-12,4.09E-08,0.937267952
66,10.5,35797,10,0.49,2204.040816,37440,434.6959,410.6959,35043.79967,36609.79928,2211.085507,0.046144707,35950.48313,1.007228118,36861.3446,421.2537673,25.18791724,7.60E-12,4.11E-08,0.936905087
67,11,35797,10.5,0.48,2195.645833,37357,434.6959,408.9959,35043.79967,36530.77381,2202.664023,0.045177308,35908.01594,1.007055543,36807.50199,420.6384506,25.09197884,7.55E-12,4.03E-08,0.9371454
68,11.5,35797,11,0.49,2208.755102,37285,434.6959,407.2959,35043.79967,36462.21431,2215.789444,0.043247397,35870.13702,1.006724156,36771.45509,420.2265043,25.24179239,7.90E-12,4.12E-08,0.936770856
69,12,35797,11.5,0.48,2216.375,37206,434.6959,405.4959,35043.79967,36386.98152,2223.39466,0.040349097,35831.19898,1.00635085,36715.38639,419.5857476,25.32887307,7.65E-12,4.07E-08,0.936553836
70,12.5,35797,12,0.48,2231.041667,37138,434.6959,403.6959,35043.79967,36322.21765,2238.06499,0.038411385,35796.47714,1.006057423,36674.55845,419.1191634,25.49648466,7.72E-12,4.09E-08,0.936135208
71,13,35797,12.5,0.48,2239.229167,37080,434.6959,401.8959,35043.79967,36266.9731,2246.243168,0.038411385,35767.02994,1.006057423,36648.31184,418.8192155,25.59005192,7.97E-12,4.10E-08,0.935901837
72,13.5,35797,13,0.48,2268.979167,37013,434.6959,400.0959,35043.79967,36203.15066,2276.013767,0.034528115,35733.1165,1.005485277,36599.02789,418.2559954,25.9300368,7.88E-12,4.15E-08,0.935052312
73,14,35797,13.5,0.48,2291.020833,36957,434.6959,398.1959,35043.79967,36149.80202,2298.0609,0.033555837,35704.58035,1.005353429,36569.38102,417.917189,26.18193035,7.99E-12,4.18E-08,0.934423181
74,14.5,35797,14,0.47,2274.255319,36909,434.6959,396.2959,35043.79967,36104.07136,2281.26606,0.032578644,35679.62243,1.005182621,36531.00615,417.4786387,25.990333,8.07E-12,4.12E-08,0.934902434
75,15,35797,14.5,0.46,2304.76087,36853,434.6959,394.3959,35043.79967,36050.71511,2311.773689,0.031603421,35651.2477,1.005035518,36498.29033,417.1047602,26.33895235,7.90E-12,4.09E-08,0.934031877
76,15.5,35797,15,0.45,2311.622222,36805,434.6959,392.3959,35043.79967,36004.97791,2318.611452,0.028680695,35626.83768,1.004772984,36461.64697,416.6859975,26.41736432,7.77E-12,4.04E-08,0.933836756
77,3.99,35799,3.47,0.52,2184.615385,40899,454.6959,448.9959,35045.70809,39895.20569,2191.363568,0.131713721,37875.95561,1.022639613,39066.96616,446.4597494,24.96592218,7.24E-12,4.07E-08,0.937471271
78,4.49,35799,3.94,0.57,2091.280702,40539,454.6959,447.9959,35045.70809,39553.99403,2097.94325,0.122698219,37670.50312,1.020655115,38858.17086,444.0736235,23.89928755,7.44E-12,4.25E-08,0.940136942
79,4.99,35799,4.41,0.58,1986.724138,40228,454.6959,446.7959,35045.70809,39259.09065,1993.258851,0.115438751,37494.20521,1.019306991,38644.16994,441.6280075,22.70440855,7.23E-12,4.16E-08,0.943124024
80,5.49,35799,4.89,0.61,1910.459016,39954,454.6959,445.5959,35045.70809,38999.16885,1916.889163,0.109973375,37340.97663,1.018312979,38478.34903,439.7329957,21.83284594,7.35E-12,4.22E-08,0.945303169
81,5.99,35799,5.37,0.62,1839.532258,39711,454.6959,444.3959,35045.70809,38768.57315,1845.850498,0.104470635,37205.59817,1.01728882,38314.25065,437.8576691,21.02229048,7.26E-12,4.17E-08,0.947330198
82,6.49,35799,5.86,0.63,1803.84127,39491,454.6959,443.0959,35045.70809,38559.73755,1810.094689,0.09895275,37083.87788,1.016231608,38193.43498,436.47698,20.61441162,7.17E-12,4.13E-08,0.94835046
83,6.99,35799,6.34,0.65,1750.384615,39291,454.6959,441.6959,35045.70809,38369.83266,1756.539762,0.094327959,36974.56135,1.015442386,38054.51282,434.8893688,20.00350561,7.25E-12,4.18E-08,0.949878605
84,7.49,35799,6.83,0.67,1717.80597,39109,454.6959,440.2959,35045.70809,38196.97419,1723.902797,0.089683327,36875.4671,1.01453112,37944.55721,433.6327891,19.6311948,7.33E-12,4.22E-08,0.950809874
85,7.99,35799,7.32,0.67,1686.38806,38941,454.6959,438.8959,35045.70809,38037.37443,1692.420754,0.085035857,36784.70307,1.013821197,37836.92659,432.4027797,19.27214894,7.23E-12,4.16E-08,0.951708188
86,8.49,35799,7.81,0.68,1650.882353,38785,454.6959,437.3959,35045.70809,37889.14188,1656.835339,0.081300224,36701.78198,1.013292894,37727.86476,431.1564142,18.86638749,7.28E-12,4.17E-08,0.952723588
87,8.99,35799,8.3,0.69,1632.971014,38641,454.6959,435.8959,35045.70809,37752.28381,1638.887547,0.07754074,36624.71534,1.012532071,37638.25049,430.1322967,18.66169558,7.31E-12,4.19E-08,0.953235713
88,9.49,35799,8.79,0.7,1612.685714,38506,454.6959,434.2959,35045.70809,37623.95492,1618.556487,0.072843788,36553.29034,1.011835778,37547.17539,429.0914848,18.42987389,7.36E-12,4.22E-08,0.953815843
89,9.99,35799,9.29,0.7,1600.585714,38380,454.6959,432.6959,35045.70809,37504.15992,1606.426235,0.070007446,36486.97916,1.011308955,37469.17183,428.2000551,18.29159433,7.33E-12,4.19E-08,0.95416197
90,10.5,35799,9.78,0.7,1590.985714,38262,454.6959,431.0959,35045.70809,37391.95224,1596.800145,0.06622593,36424.3888,1.010732429,37393.91446,427.3400092,18.18188493,7.30E-12,4.17E-08,0.954436642
91,11,35799,10.3,0.71,1576.314085,38151,454.6959,429.4959,35045.70809,37286.38443,1582.086944,0.065279857,36367.29036,1.010660545,37328.71903,426.5949517,18.01421662,7.46E-12,4.21E-08,0.954856471
92,11.5,35799,10.8,0.71,1573.374648,38046,454.6959,427.6959,35045.70809,37186.50823,1579.134547,0.062428111,36312.97637,1.010161823,37263.51998,425.8498528,17.98062455,7.46E-12,4.21E-08,0.954940715
93,12,35799,11.3,0.71,1572.58169,37947,454.6959,425.9959,35045.70809,37092.3261,1578.332771,0.059574423,36261.59632,1.009723453,37203.19552,425.1604611,17.97156258,7.48E-12,4.20E-08,0.954963593
94,12.5,35799,11.8,0.71,1574.650704,37854,454.6959,424.1959,35045.70809,37003.84035,1580.398442,0.056709165,36213.35174,1.009225241,37143.59137,424.4793012,17.9952074,7.49E-12,4.21E-08,0.954904651
95,13,35799,12.3,0.71,1578.823944,37765,454.6959,422.3959,35045.70809,36919.14989,1584.572118,0.053845865,36167.68697,1.008847697,37090.55274,423.8731724,18.04289945,7.53E-12,4.22E-08,0.954785558
96,13.5,35799,12.8,0.71,1585.426761,37681,454.6959,420.5959,35045.70809,36839.20785,1591.179826,0.052882368,36124.51901,1.008618141,37045.03773,423.3530239,18.11835685,7.59E-12,4.23E-08,0.954597013
97,14,35799,13.3,0.71,1593.86338,37601,454.6959,418.7959,35045.70809,36763.06403,1599.624133,0.050008434,36083.37991,1.008220928,36995.36963,422.7854138,18.21477108,7.65E-12,4.25E-08,0.954356062
98,14.5,35799,13.8,0.69,1575.77971,37526,454.6959,416.8959,35045.70809,36691.67161,1581.492648,0.048085315,36044.75217,1.008019697,36935.97254,422.1066201,18.00810976,7.51E-12,4.16E-08,0.954873429
99,15,35799,14.3,0.68,1584.497059,37454,454.6959,414.8959,35045.70809,36623.12799,1590.211063,0.048085315,36007.50481,1.008044694,36901.29807,421.710358,18.10773216,7.51E-12,4.11E-08,0.954624656
100,15.5,35799,14.8,0.68,1598.064706,37385,454.6959,412.9959,35045.70809,36557.43401,1603.793677,0.044229417,35973.00012,1.007411596,36849.70416,421.1207396,18.26278409,7.53E-12,4.14E-08,0.954237087
101,4.49,35801,3.81,0.69,1745.413043,41950,474.6959,468.1959,35047.6165,40890.40118,1751.341382,0.153121332,38524.86613,1.027560683,39773.58095,454.5349876,19.94669017,7.07E-12,4.20E-08,0.950029658
102,4.99,35801,4.27,0.72,1650.216667,41593,474.6959,466.9959,35047.6165,40552.51565,1655.979985,0.146031907,38312.95664,1.026021646,39537.31952,451.8349772,18.85877998,7.00E-12,4.18E-08,0.952750568
103,5.49,35801,4.73,0.76,1568.142105,41277,474.6959,465.8959,35047.6165,40253.29849,1573.762489,0.138914293,38127.34399,1.024528051,39328.32955,449.4466266,17.92082673,7.04E-12,4.23E-08,0.955096447
104,5.99,35801,5.2,0.79,1507.950633,40995,474.6959,464.6959,35047.6165,39986.16729,1513.461723,0.132637506,37962.89439,1.023036713,39157.7847,447.4976294,17.23295479,7.05E-12,4.24E-08,0.956816986
105,6.49,35801,5.68,0.82,1453.204878,40737,474.6959,463.3959,35047.6165,39741.68109,1458.591916,0.126340204,37814.48977,1.021806458,38984.66194,445.5191715,16.60731686,7.06E-12,4.25E-08,0.958382565
106,6.99,35801,6.15,0.84,1398.502381,40501,474.6959,462.0959,35047.6165,39517.9675,1403.765024,0.12091145,37680.10276,1.020794392,38817.59427,443.6099117,15.98217327,7.03E-12,4.24E-08,0.959946919
107,7.49,35801,6.63,0.86,1361.187209,40285,474.6959,460.6959,35047.6165,39313.1498,1366.364572,0.115471348,37557.15443,1.0197481,38685.1473,442.0962994,15.55573314,7.03E-12,4.23E-08,0.961014052
108,7.99,35801,7.11,0.89,1333.179775,40084,474.6959,459.2959,35047.6165,39122.50149,1338.285905,0.111810414,37444.56701,1.018897548,38568.00242,440.7575603,15.23566242,7.13E-12,4.28E-08,0.961815209
109,8.49,35801,7.59,0.9,1299.844444,39896,474.6959,457.7959,35047.6165,38944.13648,1304.866097,0.106327322,37340.48288,1.017955311,38438.17428,439.2738762,14.85470416,7.08E-12,4.25E-08,0.962768764
110,8.99,35801,8.07,0.91,1280.032967,39720,474.6959,456.2959,35047.6165,38777.1151,1285.004465,0.102663499,37243.60122,1.01729427,38341.93451,438.174042,14.62829735,7.06E-12,4.23E-08,0.963335468
111,9.49,35801,8.56,0.93,1253.604301,39556,474.6959,454.7959,35047.6165,38621.44549,1258.504638,0.098963974,37154.30027,1.016557068,38228.39264,436.8764783,14.32626889,7.14E-12,4.26E-08,0.964091577
112,9.99,35801,9.04,0.94,1232.394681,39401,474.6959,453.1959,35047.6165,38474.28675,1237.2366,0.094354384,37069.8133,1.015857389,38125.97802,435.7060776,14.08388402,7.14E-12,4.25E-08,0.96469841
113,10.5,35801,9.53,0.94,1217.08617,39254,474.6959,451.5959,35047.6165,38334.69457,1221.884077,0.091566749,36990.30458,1.015319283,38036.91332,434.6882407,13.90893739,7.10E-12,4.21E-08,0.965136457
114,11,35801,10,0.95,1199.154737,39116,474.6959,449.9959,35047.6165,38203.62339,1203.898493,0.087854857,36915.93667,1.014797617,37941.14785,433.5938268,13.70401584,7.13E-12,4.22E-08,0.965649633
115,11.5,35801,10.5,0.97,1188.451546,38985,474.6959,448.2959,35047.6165,38079.1779,1193.165473,0.084125022,36846.29216,1.014138468,37860.20958,432.6688591,13.58169911,7.25E-12,4.28E-08,0.965955874
116,12,35801,11,0.97,1180.536082,38859,474.6959,446.5959,35047.6165,37959.46126,1185.224547,0.081319256,36780.33232,1.013654707,37785.25185,431.8122375,13.49124069,7.23E-12,4.26E-08,0.966182449
117,12.5,35801,11.5,0.97,1174.408247,38741,474.6959,444.7959,35047.6165,37847.32699,1179.075708,0.078508764,36717.69956,1.013193568,37714.69742,431.005937,13.4212114,7.23E-12,4.24E-08,0.966357892
118,13,35801,12,0.98,1165.904082,38628,474.6959,443.0959,35047.6165,37739.92724,1170.541541,0.075683972,36658.56349,1.012702727,37636.10973,430.107832,13.32402526,7.30E-12,4.27E-08,0.966601394
119,13.5,35801,12.5,0.98,1163.865306,38519,474.6959,441.1959,35047.6165,37636.31354,1168.492451,0.072858152,36602.13296,1.012217418,37570.21753,429.3548118,13.30072601,7.31E-12,4.26E-08,0.96665986
120,14,35801,13,0.98,1163.365306,38416,474.6959,439.3959,35047.6165,37538.38917,1167.985939,0.070979441,36548.80619,1.011994084,37516.49298,428.7408442,13.29501198,7.35E-12,4.26E-08,0.966674312
121,14.5,35801,13.5,0.98,1164.894898,38318,474.6959,437.4959,35047.6165,37445.2056,1169.514315,0.06814213,36497.9259,1.011509114,37455.57653,428.0446871,13.31249225,7.37E-12,4.26E-08,0.966630703
122,15,35801,14,0.98,1167.610204,38223,474.6959,435.5959,35047.6165,37354.86267,1172.231269,0.065300048,36448.9506,1.011046479,37397.25595,427.378196,13.34352294,7.40E-12,4.26E-08,0.966553181
123,15.5,35801,14.5,0.98,1172.10102,38133,474.6959,433.6959,35047.6165,37269.26381,1176.727886,0.064349184,36403.72057,1.010873059,37351.77602,426.8584484,13.39484427,7.46E-12,4.27E-08,0.966424881
124,4.49,35804,3.67,0.83,1522.710843,43454,494.6959,488.3959,35050.47911,42312.08419,1528.056497,0.182811218,39435.3022,1.034919667,40756.54974,465.7684169,17.4016354,6.95E-12,4.28E-08,0.95640412
125,4.99,35804,4.12,0.87,1423.378161,43055,494.6959,487.2959,35050.47911,41935.20367,1428.547057,0.174149381,39189.38506,1.032743486,40474.69766,462.5473936,16.26645525,6.84E-12,4.25E-08,0.959243152
126,5.49,35804,4.58,0.91,1347.837363,42701,494.6959,486.0959,35050.47911,41600.65851,1352.848111,0.167168049,38971.64472,1.030948062,40240.52853,459.871294,15.40317025,6.79E-12,4.23E-08,0.961402864
127,5.99,35804,5.03,0.95,1278.805263,42380,494.6959,484.8959,35050.47911,41297.16142,1283.665218,0.16018038,38777.17219,1.029409078,40023.71895,457.3935805,14.61426707,6.78E-12,4.23E-08,0.963376671
128,6.49,35804,5.49,1,1233.18,42087,494.6959,483.6959,35050.47911,41020.02257,1237.932955,0.153995615,38601.08367,1.027716959,39847.12305,455.3754314,14.09285869,6.84E-12,4.29E-08,0.964681426
129,6.99,35804,5.95,1.03,1175.905825,41817,494.6959,482.3959,35050.47911,40764.54135,1180.513555,0.148697932,38440.957,1.02670044,39655.50406,453.1855975,13.43832582,6.84E-12,4.27E-08,0.966319617
130,7.49,35804,6.42,1.07,1148.419626,41567,494.6959,481.0959,35050.47911,40527.90135,1152.959048,0.143358831,38294.14136,1.025248996,39523.24126,451.6740899,13.1242118,6.88E-12,4.30E-08,0.967105755
131,7.99,35804,6.89,1.09,1103.273394,41335,494.6959,479.6959,35050.47911,40308.2277,1107.686426,0.137131941,38158.55638,1.024205499,39343.70365,449.6223229,12.60827783,6.83E-12,4.27E-08,0.968397396
132,8.49,35804,7.36,1.14,1080.17193,41116,494.6959,478.2959,35050.47911,40100.79994,1084.520792,0.134423151,38033.58817,1.023373645,39230.85352,448.3326644,12.34427283,7.01E-12,4.35E-08,0.969058318
133,8.99,35804,7.83,1.15,1052.338261,40911,494.6959,476.7959,35050.47911,39906.57654,1056.607979,0.129048002,37916.34155,1.022369123,39096.29879,446.7949645,12.02618791,6.93E-12,4.30E-08,0.969854678
134,9.49,35804,8.31,1.18,1026.411864,40718,494.6959,475.2959,35050.47911,39723.6729,1030.604359,0.124535778,37807.37286,1.021489046,38964.53477,445.289157,11.72989942,6.99E-12,4.33E-08,0.970596569
135,9.98,35804,8.79,1.18,1004.640678,40535,494.6959,473.6959,35050.47911,39550.20185,1008.766462,0.120926171,37705.54811,1.020870339,38850.63172,443.9874658,11.48109693,6.91E-12,4.26E-08,0.97121961
136,10.5,35804,9.27,1.22,989.6327869,40361,494.6959,472.1959,35050.47911,39385.22214,993.7112011,0.116382294,37608.86627,1.019937425,38740.95897,442.7341187,11.30958581,7.05E-12,4.34E-08,0.971649141
137,11,35804,9.75,1.23,977.4845528,40196,494.6959,470.4959,35050.47911,39228.73981,981.5256018,0.113652902,37518.45957,1.019383971,38651.93121,441.7167038,11.17075502,7.05E-12,4.32E-08,0.971996799
138,11.5,35804,10.2,1.26,959.6063492,40039,494.6959,468.8959,35050.47911,39079.8119,963.5905238,0.109080957,37432.64993,1.018542457,38538.10735,440.4159175,10.96644179,7.15E-12,4.37E-08,0.972508492
139,12,35804,10.7,1.26,947.7611111,39889,494.6959,467.1959,35050.47911,38937.49435,951.7062064,0.105421879,37351.96538,1.017925201,38443.53099,439.335093,10.83107366,7.10E-12,4.33E-08,0.972847555
140,12.5,35804,11.2,1.26,937.7095238,39746,494.6959,465.4959,35050.47911,38801.79123,941.6209605,0.102663499,37273.9775,1.017415243,38357.54023,438.3523852,10.71620349,7.07E-12,4.29E-08,0.97313529
141,13,35804,11.7,1.28,925.2320313,39609,494.6959,463.6959,35050.47911,38671.75716,929.1007084,0.098069022,37201.7859,1.016762804,38258.10145,437.2159925,10.57360992,7.15E-12,4.33E-08,0.973492496
142,13.5,35804,12.2,1.28,918.625,39477,494.6959,461.8959,35050.47911,38546.44589,922.4702376,0.095289003,37132.56067,1.016216788,38177.74807,436.297709,10.49810435,7.13E-12,4.31E-08,0.973681665
143,14,35804,12.7,1.29,914.1364341,39351,494.6959,460.0959,35050.47911,38426.80956,917.9660566,0.092519232,37066.72476,1.015786647,38109.52893,435.5180964,10.44680873,7.18E-12,4.32E-08,0.973810171
144,14.5,35804,13.2,1.3,907.3876923,39231,494.6959,458.1959,35050.47911,38312.85109,911.1918552,0.089725948,37004.96833,1.015285933,38027.51654,434.5808536,10.36968369,7.23E-12,4.34E-08,0.974003441
145,15,35804,13.7,1.3,904.9584615,39114,494.6959,456.2959,35050.47911,38201.72362,908.7519068,0.086008406,36944.48013,1.014706214,37954.39446,433.7452099,10.34192228,7.23E-12,4.33E-08,0.974073053
146,15.5,35804,14.2,1.31,902.3030534,39002,494.6959,454.3959,35050.47911,38095.32857,906.0851133,0.084136361,36886.60044,1.014342834,37890.50458,433.0150724,10.31157611,7.30E-12,4.36E-08,0.974149138
147,4.49,35806,3.54,0.95,1349.174737,45020,514.6959,508.5959,35052.38752,43789.31356,1354.037039,0.21096116,40381.45339,1.042798463,41733.98148,476.9385684,15.41845385,6.73E-12,4.28E-08,0.961371047
148,4.99,35806,3.98,1.01,1267.069307,44581,514.6959,507.4959,35052.38752,43375.51263,1271.773864,0.203318688,40098.64093,1.040257238,41458.03506,473.7850353,14.48014783,6.67E-12,4.28E-08,0.96371791
149,5.49,35806,4.42,1.06,1179.949057,44189,514.6959,506.3959,35052.38752,43005.80744,1184.459381,0.195635538,39848.72812,1.038252982,41157.64369,470.3521439,13.48453212,6.63E-12,4.26E-08,0.966208881
150,5.99,35806,4.86,1.13,1125.830088,43833,514.6959,505.1959,35052.38752,42669.88575,1130.217182,0.188776462,39624.15262,1.036090227,40947.14606,467.9465637,12.86605715,6.70E-12,4.32E-08,0.967756342
151,6.49,35806,5.31,1.18,1078.697458,43506,514.6959,503.9959,35052.38752,42361.18652,1082.965076,0.18273066,39420.00462,1.034273471,40744.37638,465.629299,12.32742247,6.70E-12,4.33E-08,0.969104385
152,6.99,35806,5.76,1.22,1027.67623,43204,514.6959,502.7959,35052.38752,42075.96725,1031.807921,0.17666502,39233.87731,1.03271266,40531.97889,463.202007,11.74434866,6.68E-12,4.31E-08,0.970563833
153,7.49,35806,6.22,1.28,991.8171875,42921,514.6959,501.3959,35052.38752,41808.58674,995.8489785,0.169739717,39062.114,1.03106746,40353.19638,461.1588693,11.33454927,6.76E-12,4.37E-08,0.971589696
154,7.99,35806,6.67,1.33,961.5639098,42658,514.6959,500.0959,35052.38752,41560.01078,965.5081541,0.165366632,38903.57459,1.029873854,40200.64791,459.4155358,10.98881291,6.83E-12,4.40E-08,0.972455281
155,8.49,35806,7.14,1.36,923.7367647,42411,514.6959,498.6959,35052.38752,41326.47685,927.5664867,0.159249117,38757.30746,1.028681238,40014.70629,457.2905832,10.55652192,6.81E-12,4.37E-08,0.973537709
156,8.99,35806,7.6,1.39,905.7107914,42177,514.6959,497.1959,35052.38752,41105.16223,909.4865703,0.154837624,38619.99756,1.027444564,39892.00627,455.8883597,10.35051996,6.79E-12,4.36E-08,0.974053506
157,9.49,35806,8.07,1.42,878.7014085,41955,514.6959,495.7959,35052.38752,40895.13231,882.3915598,0.149560688,38491.71221,1.026480754,39737.67019,454.1245973,10.04185503,6.80E-12,4.35E-08,0.974826492
158,9.98,35806,8.53,1.45,852.4896552,41745,514.6959,494.1959,35052.38752,40696.39724,856.0948065,0.146879693,38371.31254,1.025841991,39598.1502,452.530154,9.742305461,6.85E-12,4.36E-08,0.975576705
159,10.5,35806,9.01,1.49,840.9395973,41545,514.6959,492.6959,35052.38752,40507.07319,844.5079393,0.141565248,38257.48946,1.024690582,39490.44495,451.2992917,9.610310673,6.91E-12,4.39E-08,0.975907263
160,11,35806,9.48,1.5,820.6686667,41354,514.6959,491.0959,35052.38752,40326.22082,824.168065,0.137102078,38149.69993,1.023861596,39350.71174,449.7024117,9.378653201,6.87E-12,4.35E-08,0.976487534
161,11.5,35806,9.96,1.52,804.4092105,41172,514.6959,489.4959,35052.38752,40153.84669,807.8541151,0.133533158,38048.0166,1.023217982,39240.59897,448.4440361,9.192839112,6.88E-12,4.35E-08,0.97695295
162,12,35806,10.4,1.55,796.2541935,40997,514.6959,487.7959,35052.38752,39988.0622,799.6702443,0.12903858,37951.99589,1.022249071,39135.02314,447.2375088,9.099643064,6.94E-12,4.37E-08,0.977186426
163,12.5,35806,10.9,1.57,783.6490446,40830,514.6959,486.0959,35052.38752,39829.81971,787.0219429,0.126339861,37861.46693,1.021742575,39038.35252,446.1327509,8.955590628,6.98E-12,4.38E-08,0.977547266
164,13,35806,11.4,1.58,771.0670886,40670,514.6959,484.3959,35052.38752,39678.17647,774.3948603,0.122732208,37775.5431,1.021150356,38928.68393,444.8794513,8.811803243,6.98E-12,4.36E-08,0.9779075
165,13.5,35806,11.9,1.6,763.40875,40516,514.6959,482.5959,35052.38752,39532.18872,766.7097049,0.119117029,37691.35246,1.020489716,38839.54381,443.8607524,8.724283267,7.02E-12,4.38E-08,0.978126748
166,14,35806,12.4,1.62,754.217284,40367,514.6959,480.7959,35052.38752,39390.91175,757.4849633,0.115471073,37614.8965,1.019759841,38737.89334,442.6990844,8.619242614,7.08E-12,4.40E-08,0.978389918
167,14.5,35806,12.9,1.62,747.6493827,40225,514.6959,478.9959,35052.38752,39256.24531,750.8927053,0.112731543,37539.25107,1.019212168,38651.71699,441.7142556,8.544184226,7.06E-12,4.37E-08,0.978577987
168,15,35806,13.4,1.63,741.0711656,40088,514.6959,477.0959,35052.38752,39126.296,744.2900567,0.108178304,37467.43993,1.01850691,38560.89714,440.6763607,8.469007947,7.07E-12,4.37E-08,0.978766352
169,15.5,35806,13.8,1.64,734.8432927,39955,514.6959,475.1959,35052.38752,39000.11765,738.0380865,0.106334714,37397.10968,1.01813061,38477.90187,439.7278855,8.397835422,7.12E-12,4.38E-08,0.978944713
170,4.49,35808,3.42,1.06,1238.207547,46627,534.6959,528.7959,35054.29591,45301.99339,1242.726945,0.239223945,41345.94648,1.050686373,42773.89824,488.8228026,14.15031382,6.50E-12,4.25E-08,0.964548512
171,4.99,35808,3.84,1.14,1153.575439,46151,534.6959,527.6959,35054.29591,44854.27072,1157.925602,0.230125425,41028.81129,1.047649042,42449.10629,485.1110597,13.18313275,6.49E-12,4.29E-08,0.966967655
172,5.49,35808,4.27,1.21,1079.608264,45723,534.6959,526.6959,35054.29591,44451.45292,1083.78704,0.222556433,40744.86862,1.045040748,42140.45982,481.5838284,12.33783123,6.48E-12,4.30E-08,0.969082619
173,5.99,35808,4.7,1.3,1025.703846,45333,534.6959,525.4959,35054.29591,44084.1981,1029.755608,0.215816865,40489.62675,1.042581279,41900.58987,478.8425796,11.72180814,6.58E-12,4.38E-08,0.970623983
174,6.49,35808,5.14,1.36,974.8014706,44973,534.6959,524.2959,35054.29591,43745.02307,978.7194316,0.209086774,40257.94844,1.040574719,41665.96333,476.1612527,11.14009259,6.58E-12,4.38E-08,0.9720799
175,6.99,35808,5.58,1.41,925.0304965,44639,534.6959,523.0959,35054.29591,43430.19736,928.8122992,0.202313417,40045.14458,1.038699768,41430.55089,473.4709445,10.57130676,6.54E-12,4.36E-08,0.97350361
176,7.49,35808,6.02,1.47,887.5687075,44326,534.6959,521.7959,35054.29591,43135.03779,891.2410711,0.196374439,39849.08552,1.037090582,41232.59122,471.2086489,10.14319108,6.57E-12,4.37E-08,0.974575411
177,7.99,35808,6.47,1.52,856.0947368,44033,534.6959,520.4959,35054.29591,42858.62562,859.6717407,0.191231171,39667.29597,1.035584311,41048.67473,469.1068396,9.783504561,6.58E-12,4.37E-08,0.975475995
178,8.49,35808,6.91,1.57,828.2726115,43757,534.6959,519.0959,35054.29591,42598.15127,831.7628656,0.186931627,39498.34587,1.034333057,40882.45741,467.2072977,9.465551561,6.62E-12,4.38E-08,0.976272156
179,8.99,35808,7.37,1.61,795.752795,43494,534.6959,517.6959,35054.29591,42349.85552,799.1386242,0.180915426,39340.9118,1.032991654,40689.06815,464.997233,9.093913051,6.61E-12,4.37E-08,0.977202833
180,9.48,35808,7.82,1.66,774.9608434,43245,534.6959,516.1959,35054.29591,42114.69589,778.2782993,0.176605266,39192.81939,1.031923549,40543.70432,463.336006,8.856301318,6.67E-12,4.39E-08,0.97779792
181,9.98,35808,8.28,1.69,750.9065089,43008,534.6959,514.6959,35054.29591,41890.79586,754.1424531,0.169683354,39054.44583,1.030514496,40363.30932,461.2744407,8.581406868,6.64E-12,4.37E-08,0.978486447
182,10.5,35808,8.74,1.74,734.8896552,42782,534.6959,513.1959,35054.29591,41677.22109,738.0708865,0.166185041,38922.1346,1.029571819,40235.34683,459.8120772,8.398365256,6.72E-12,4.40E-08,0.978944923
183,11,35808,9.21,1.77,714.0045198,42566,534.6959,511.5959,35054.29591,41473.03559,717.1126509,0.161818775,38797.9635,1.028706163,40082.99085,458.0709434,8.159688613,6.73E-12,4.39E-08,0.979542803
184,11.5,35808,9.68,1.81,703.420442,42358,534.6959,509.9959,35054.29591,41276.35617,706.4919815,0.157431441,38680.47637,1.027614354,39970.86205,456.7895285,8.038733106,6.78E-12,4.41E-08,0.97984578
185,12,35808,10.2,1.84,688.2027174,42160,534.6959,508.3959,35054.29591,41089.08109,691.2196082,0.153923955,38569.78993,1.026970091,39844.33105,455.3435242,7.864823991,6.82E-12,4.42E-08,0.980281458
186,12.5,35808,10.6,1.86,679.211828,41970,534.6959,506.6959,35054.29591,40909.32551,682.1961795,0.149514705,38463.60067,1.026001498,39734.05539,454.0832871,7.76207554,6.81E-12,4.40E-08,0.980538871
187,13,35808,11.1,1.9,667.4673684,41786,534.6959,504.9959,35054.29591,40735.20234,670.4091996,0.145981671,38362.71892,1.025337227,39621.56553,452.7977459,7.627859117,6.89E-12,4.44E-08,0.98087512
188,13.5,35808,11.6,1.92,654.8854167,41610,534.6959,503.2959,35054.29591,40568.60914,657.7802274,0.141541301,38270.19829,1.024532924,39492.92188,451.3275981,7.48407178,6.91E-12,4.44E-08,0.981235389
189,14,35808,12.1,1.93,646.0362694,41440,534.6959,501.4959,35054.29591,40407.65752,648.8982234,0.138868524,38176.85459,1.023994234,39395.78983,450.2175669,7.382943168,6.90E-12,4.41E-08,0.981488767
190,14.5,35808,12.5,1.96,642.2642857,41276,534.6959,499.6959,35054.29591,40252.3514,645.1119306,0.136183858,38088.4961,1.023343756,39314.27805,449.2860452,7.339836701,6.97E-12,4.44E-08,0.98159678
191,15,35808,13,1.97,633.6746193,41118,534.6959,497.7959,35054.29591,40102.69453,636.4893007,0.130818794,38005.62344,1.022433477,39195.84089,447.9325379,7.241673452,6.96E-12,4.42E-08,0.981842759
192,15.5,35808,13.5,1.98,627.7479798,40966,534.6959,495.9959,35054.29591,39958.69056,630.5401421,0.128121079,37925.81349,1.021902091,39108.75931,446.9373642,7.173943443,6.97E-12,4.41E-08,0.982012472
193,4.99,35810,3.71,1.27,1066.497638,47753,554.6959,547.9959,35056.2043,46359.9693,1070.560205,0.257066964,41970.52368,1.055384039,43450.19047,496.5515127,12.18800216,6.38E-12,4.32E-08,0.969461605
194,5.49,35810,4.13,1.35,995.9925926,47291,554.6959,546.8959,35056.2043,45926.07206,999.8918082,0.248858792,41653.24288,1.052297275,43118.51048,492.7610529,11.38226607,6.34E-12,4.32E-08,0.971477465
195,5.99,35810,4.55,1.44,941.9666667,46867,554.6959,545.7959,35056.2043,45527.62788,945.7334504,0.240648345,41368.20612,1.049340676,42838.96929,489.5664387,10.76485438,6.37E-12,4.36E-08,0.973022366
196,6.49,35810,4.97,1.52,889.6460526,46476,554.6959,544.5959,35056.2043,45159.99459,893.2708817,0.234004875,41107.21634,1.047029656,42566.16639,486.4488299,10.16693111,6.41E-12,4.39E-08,0.974518893
197,6.99,35810,5.4,1.59,847.0792453,46112,554.6959,543.3959,35056.2043,44817.57492,850.5836046,0.228177391,40867.99704,1.044979595,42335.49158,483.8126637,9.680474956,6.41E-12,4.39E-08,0.975736574
198,7.49,35810,5.83,1.66,806.753012,45769,554.6959,542.1959,35056.2043,44494.7575,810.1342542,0.223137545,40647.4518,1.04332002,42097.55239,481.0934796,9.219624223,6.46E-12,4.40E-08,0.976890417
199,7.99,35810,6.26,1.74,777.7965517,45446,554.6959,540.7959,35056.2043,44190.62759,781.0905368,0.215653922,40440.98591,1.041162996,41900.40093,478.8404203,8.888707971,6.51E-12,4.45E-08,0.977718907
200,8.49,35810,6.7,1.79,749.3240223,45141,554.6959,539.4959,35056.2043,43903.32514,752.5259961,0.210599779,40251.17122,1.039657388,41705.28786,476.6106558,8.563322113,6.50E-12,4.43E-08,0.978533729
201,8.98,35810,7.14,1.84,724.2413043,44852,554.6959,538.0959,35056.2043,43630.98576,727.3601659,0.205547591,40072.67431,1.038280616,41522.77689,474.524909,8.276675232,6.50E-12,4.42E-08,0.9792516
202,9.48,35810,7.59,1.9,697.1947368,44575,554.6959,536.6959,35056.2043,43369.85535,700.2226922,0.200452294,39904.73497,1.036915064,41333.25069,472.3589916,7.967585355,6.55E-12,4.44E-08,0.980025713
203,9.98,35810,8.04,1.95,677.9061538,44311,554.6959,535.1959,35056.2043,43120.88964,680.8670651,0.195397954,39746.788,1.035783321,41173.61012,470.5346092,7.747154214,6.57E-12,4.44E-08,0.980577844
204,10.5,35810,8.49,2,660.658,44059,554.6959,533.6959,35056.2043,42883.15806,663.5580261,0.191100511,39597.36667,1.034521133,41016.67539,468.7411492,7.550041226,6.61E-12,4.45E-08,0.981071595
205,11,35810,8.94,2.05,645.1858537,43818,554.6959,532.1959,35056.2043,42655.72821,648.0305066,0.186001728,39455.68727,1.033423955,40870.28917,467.0682382,7.373224563,6.65E-12,4.46E-08,0.981514527
206,11.5,35810,9.4,2.08,626.4384615,43585,554.6959,530.5959,35056.2043,42435.7777,629.2144663,0.181695328,39321.44896,1.03247008,40703.92997,465.1670749,7.158978186,6.65E-12,4.44E-08,0.982051267
207,12,35810,9.86,2.13,614.4492958,43363,554.6959,528.9959,35056.2043,42226.14684,617.1811598,0.177391259,39197.37308,1.03146293,40572.12827,463.6608367,7.021965244,6.71E-12,4.47E-08,0.982394524
208,12.5,35810,10.3,2.15,601.5706977,43149,554.6959,527.2959,35056.2043,42024.01083,604.2547897,0.173076171,39072.02229,1.030544795,40437.21028,462.1189854,6.874787814,6.69E-12,4.44E-08,0.982763257
209,13,35810,10.8,2.19,592.7283105,42943,554.6959,525.5959,35056.2043,41829.37617,595.3790884,0.168738771,38959.57109,1.029548338,40316.34607,460.7377416,6.773736457,6.73E-12,4.45E-08,0.983016442
210,13.5,35810,11.3,2.22,580.2481982,42744,554.6959,523.8959,35056.2043,41641.30389,582.8513924,0.16526459,38854.77649,1.028911167,40184.83307,459.2348028,6.631112948,6.76E-12,4.45E-08,0.983373802
211,14,35810,11.7,2.26,573.8132743,42553,554.6959,522.1959,35056.2043,41460.74475,576.3921742,0.160896398,38749.74716,1.027896082,40079.36012,458.0294513,6.557574232,6.81E-12,4.48E-08,0.983558055
212,14.5,35810,12.2,2.28,563.345614,42368,554.6959,520.3959,35056.2043,41285.81318,565.8836749,0.157400636,38646.63891,1.027300239,39953.88741,456.5955412,6.437949151,6.82E-12,4.47E-08,0.983857817
213,15,35810,12.7,2.3,556.7417391,42189,554.6959,518.5959,35056.2043,41116.51341,559.254486,0.153006806,38551.71212,1.026378716,39846.16601,455.3644943,6.362479653,6.83E-12,4.46E-08,0.984046918
214,15.5,35810,13.2,2.33,550.5381974,42017,554.6959,516.6959,35056.2043,40953.79566,553.0260841,0.150362381,38461.56866,1.025854997,39745.44635,454.2134637,6.291585188,6.88E-12,4.48E-08,0.984224587
215,4.99,35812,3.59,1.4,1012.175,49378,574.6959,568.1959,35058.11269,47884.00435,1016.033581,0.281077579,42919.9825,1.062752397,44479.47211,508.3142082,11.56719964,6.26E-12,4.37E-08,0.971018589
216,5.49,35812,3.99,1.51,941.994702,48883,574.6959,567.0959,35058.11269,47420.10852,945.693495,0.272997894,42569.04141,1.059311989,44119.68642,504.2025546,10.76517477,6.30E-12,4.42E-08,0.973024974
217,5.99,35812,4.4,1.59,880.8163522,48428,574.6959,565.9959,35058.11269,46993.43001,884.3591128,0.266475776,42253.87656,1.056567689,43792.39611,500.4622604,10.06602474,6.27E-12,4.40E-08,0.97477448
218,6.49,35812,4.81,1.69,831.8934911,48006,574.6959,564.8959,35058.11269,46597.46648,835.3053746,0.25835236,41964.35726,1.053469838,43497.05337,497.087065,9.506931201,6.31E-12,4.44E-08,0.976173692
219,6.99,35812,5.23,1.76,788.7727273,47612,574.6959,563.6959,35058.11269,46227.57446,792.0604342,0.252604669,41696.98892,1.051168428,43235.7294,494.1006382,9.014144397,6.28E-12,4.42E-08,0.977407214
220,7.49,35812,5.65,1.85,752.4383784,47241,574.6959,562.4959,35058.11269,45879.09745,755.6168223,0.246878498,41451.25453,1.049113214,42998.22545,491.3864281,8.59891317,6.34E-12,4.45E-08,0.978446734
221,7.99,35812,6.07,1.92,719.4875,46889,574.6959,561.1959,35058.11269,45548.30742,722.5620094,0.241127622,41222.81422,1.047164754,42768.09858,488.7565237,8.222348457,6.35E-12,4.45E-08,0.979389592
222,8.49,35812,6.5,1.99,691.3095477,46556,574.6959,559.8959,35058.11269,45235.22931,694.2915063,0.233773741,41009.40266,1.045173765,42537.3857,486.1199224,7.900329044,6.35E-12,4.45E-08,0.980195982
223,8.98,35812,6.93,2.06,665.3902913,46239,574.6959,558.4959,35058.11269,44937.06446,668.2851886,0.229611649,40810.25226,1.043741543,42344.35431,483.9139475,7.604122149,6.40E-12,4.46E-08,0.980937788
224,9.48,35812,7.36,2.12,642.2075472,45936,574.6959,557.0959,35058.11269,44651.94952,645.0219143,0.224608952,40621.83517,1.042193688,42144.19846,481.6265538,7.339188289,6.41E-12,4.46E-08,0.981601351
225,9.98,35812,7.8,2.18,622.4944954,45645,574.6959,555.6959,35058.11269,44378.01732,625.2395575,0.21964317,40444.99331,1.040882488,41969.66187,479.6319387,7.113906292,6.44E-12,4.46E-08,0.982165624
226,10.5,35812,8.24,2.24,606.290625,45367,574.6959,554.1959,35058.11269,44116.22283,608.9778501,0.214616781,40277.35062,1.039394579,41802.34403,477.7198198,6.928727441,6.47E-12,4.47E-08,0.982629474
227,11,35812,8.69,2.3,589.5173913,45101,574.6959,552.6959,35058.11269,43865.63741,592.1431689,0.208780865,40118.76634,1.0380426,41628.07514,475.7282641,6.73704187,6.51E-12,4.48E-08,0.983109668
228,11.5,35812,9.14,2.35,572.5119149,44844,574.6959,551.0959,35058.11269,43623.44545,575.0748458,0.204563636,39969.07616,1.036984451,41461.54874,473.8251899,6.542702215,6.54E-12,4.49E-08,0.983596526
229,12,35812,9.59,2.4,559.6575,44597,574.6959,549.4959,35058.11269,43390.5985,562.1719479,0.200351272,39825.19335,1.035970817,41313.6704,472.1352269,6.395801152,6.57E-12,4.49E-08,0.983964569
230,12.5,35812,10,2.45,548.0934694,44360,574.6959,547.8959,35058.11269,43167.10586,550.5638801,0.195280014,39689.88095,1.034815677,41165.32848,470.439966,6.263646682,6.60E-12,4.50E-08,0.984295678
231,13,35812,10.5,2.49,536.5767068,44131,574.6959,546.1959,35058.11269,42951.0896,539.0024371,0.191873046,39565.12278,1.034010524,41024.63388,468.8320994,6.132032394,6.63E-12,4.50E-08,0.984625458
232,13.5,35812,11,2.52,524.8916667,43909,574.6959,544.4959,35058.11269,42741.61289,527.2718393,0.18761776,39443.77673,1.033144986,40875.7802,467.1309901,5.998495019,6.64E-12,4.49E-08,0.984960062
233,14,35812,11.4,2.56,517.5152344,43696,574.6959,542.7959,35058.11269,42540.5696,519.86675,0.182480805,39324.22484,1.03194651,40750.48558,465.6991153,5.914196687,6.66E-12,4.50E-08,0.985171285
234,14.5,35812,11.9,2.59,508.3370656,43490,574.6959,540.9959,35058.11269,42346.07848,510.6524758,0.179055248,39213.99624,1.03127459,40626.19135,464.278673,5.809307996,6.68E-12,4.49E-08,0.985434114
235,15,35812,12.4,2.63,500.8418251,43291,574.6959,539.2959,35058.11269,42158.14498,503.1272175,0.174749002,39104.48236,1.030382965,40499.78099,462.8340474,5.723651915,6.72E-12,4.51E-08,0.985648765
236,15.5,35812,12.8,2.65,493.6279245,43097,574.6959,537.3959,35058.11269,41974.88486,495.8845559,0.171298335,39000.3874,1.029703196,40385.96378,461.5333372,5.641211006,6.73E-12,4.49E-08,0.985855355
237,5.49,35814,3.87,1.63,894.2030675,50495,594.6959,587.2959,35060.02107,48929.69733,897.7243105,0.297287495,43489.10707,1.066639329,45101.53735,515.4232089,10.21900896,6.15E-12,4.42E-08,0.974394644
238,5.99,35814,4.26,1.73,833.2786127,50010,594.6959,586.2959,35060.02107,48475.84886,836.6469865,0.290089956,43142.42137,1.063283965,44751.35151,511.421263,9.522760458,6.15E-12,4.42E-08,0.976136723
239,6.49,35814,4.66,1.83,784.4912568,49558,594.6959,585.1959,35060.02107,48052.61818,787.7271443,0.282919204,42823.68014,1.060265468,44437.18964,507.8310014,8.965215483,6.16E-12,4.44E-08,0.97753204
240,6.99,35814,5.06,1.92,742.6416667,49135,594.6959,583.9959,35060.02107,47656.31178,745.7560158,0.275692833,42530.78947,1.057339784,44136.76584,504.3977393,8.486955731,6.15E-12,4.44E-08,0.978729162
241,7.49,35814,5.47,2.03,708.862069,48735,594.6959,582.7959,35060.02107,47281.34911,711.8730366,0.269269542,42259.90105,1.054800349,43882.98232,501.4974853,8.100920362,6.23E-12,4.49E-08,0.97969559
242,7.99,35814,5.88,2.12,676.2754717,48356,594.6959,581.5959,35060.02107,46925.88798,679.1827098,0.26441325,42006.97985,1.0529011,43639.46559,498.7145608,7.728518676,6.27E-12,4.51E-08,0.980628001
243,8.48,35814,6.3,2.18,646.0756881,47995,594.6959,580.2959,35060.02107,46587.14218,648.8818868,0.25876008,41771.75462,1.051035959,43389.42784,495.8571137,7.383393647,6.23E-12,4.47E-08,0.981492256
244,8.98,35814,6.72,2.27,620.80837,47650,594.6959,578.8959,35060.02107,46263.25779,623.5285283,0.25308243,41550.43284,1.049142823,43164.01256,493.2810535,7.094637146,6.29E-12,4.50E-08,0.982215398
245,9.48,35814,7.15,2.33,598.1356223,47321,594.6959,577.4959,35060.02107,45954.25533,600.7762899,0.247424912,41343.38538,1.047500445,42952.46368,490.8634596,6.835531557,6.28E-12,4.48E-08,0.982864349
246,9.98,35814,7.58,2.41,579.2145228,47005,594.6959,576.0959,35060.02107,45657.33495,581.7880646,0.241745225,41148.05816,1.045845174,42764.52923,488.7157329,6.61930004,6.32E-12,4.50E-08,0.983405941
247,10.5,35814,8.01,2.47,560.3975709,46701,594.6959,574.6959,35060.02107,45371.57174,562.9019497,0.236820442,40960.76712,1.044413874,42564.74334,486.4325672,6.404258728,6.34E-12,4.49E-08,0.98394462
248,11,35814,8.44,2.54,543.3066929,46409,594.6959,573.1959,35060.02107,45096.97931,545.7471444,0.231899261,40785.77398,1.043117481,42374.03725,484.253166,6.208943099,6.39E-12,4.51E-08,0.984433919
249,11.5,35814,8.88,2.6,529.8469231,46128,594.6959,571.5959,35060.02107,44832.62984,532.2367721,0.226934069,40619.19654,1.041659065,42203.92879,482.3091558,6.055124002,6.41E-12,4.51E-08,0.984819268
250,12,35814,9.33,2.66,516.1466165,45857,594.6959,570.0959,35060.02107,44577.59361,518.4839096,0.222001077,40461.27602,1.040522338,42035.32056,480.3822903,5.898556036,6.44E-12,4.52E-08,0.985211535
251,12.5,35814,9.77,2.72,504.4477941,45595,594.6959,568.4959,35060.02107,44330.93918,506.7399216,0.217824871,40308.29053,1.039327997,41878.48695,478.589986,5.764861157,6.48E-12,4.53E-08,0.985546503
252,13,35814,10.2,2.77,493.6,45343,594.6959,566.7959,35060.02107,44093.61729,495.8496481,0.212833032,40167.27724,1.03814722,41720.53763,476.7849312,5.640891882,6.50E-12,4.53E-08,0.985857121
253,13.5,35814,10.7,2.81,484.5790036,45099,594.6959,565.1959,35060.02107,43863.75297,486.7931767,0.208663296,40037.07975,1.037141352,41585.50764,475.2418,5.537799367,6.51E-12,4.52E-08,0.986115434
254,14,35814,11.1,2.86,475.7073427,44863,594.6959,563.3959,35060.02107,43641.35356,477.8862076,0.20447015,39902.08653,1.036165466,41444.35295,473.6286753,5.436413467,6.55E-12,4.53E-08,0.986369483
255,14.5,35814,11.6,2.9,465.8931034,44636,594.6959,561.6959,35060.02107,43427.36895,468.0325952,0.200271935,39779.82251,1.035319241,41297.62492,471.9518582,5.324255724,6.57E-12,4.53E-08,0.986650533
256,15,35814,12,2.95,458.6267797,44416,594.6959,559.8959,35060.02107,43219.92068,460.7368866,0.196051983,39656.1361,1.034383514,41167.10146,470.4602278,5.241215718,6.62E-12,4.55E-08,0.986858625
257,15.5,35814,12.5,2.97,451.8737374,44202,594.6959,558.0959,35060.02107,43018.07119,453.9562348,0.191809244,39541.90114,1.033447949,41035.98312,468.9617992,5.164041525,6.61E-12,4.52E-08,0.987052026
258,6.49,35816,4.52,1.98,755.3358586,51127,614.6959,605.3959,35061.92944,49520.6672,758.452918,0.304621391,43687.09978,1.06635944,45396.7136,518.7965017,8.632025756,6.04E-12,4.48E-08,0.978368192
259,6.99,35816,4.91,2.1,710.3147619,50675,614.6959,604.2959,35061.92944,49098.06183,713.3012707,0.297533944,43366.46552,1.06338365,45066.26549,515.0201199,8.117521828,6.10E-12,4.52E-08,0.979655961
260,7.49,35816,5.31,2.18,670.0559633,50248,614.6959,603.0959,35061.92944,48698.59855,672.9164009,0.291967287,43070.19028,1.061098195,44751.94287,511.4280212,7.657441742,6.08E-12,4.49E-08,0.980807776
261,7.99,35816,5.71,2.28,636.9140351,49841,614.6959,601.8959,35061.92944,48317.63521,639.6677295,0.286406211,42792.34741,1.058822024,44476.85271,508.2842734,7.2786937,6.11E-12,4.50E-08,0.98175606
262,8.48,35816,6.12,2.37,614.0004219,49454,614.6959,600.5959,35061.92944,47955.20177,616.6784383,0.280086147,42536.13193,1.056371712,44250.627,505.6989519,7.016835486,6.12E-12,4.50E-08,0.982411737
263,8.98,35816,6.53,2.46,588.048374,49083,614.6959,599.2959,35061.92944,47607.5779,590.6371531,0.274520077,42294.14737,1.054439427,44003.36722,502.8732515,6.720253848,6.15E-12,4.51E-08,0.983154459
264,9.48,35816,6.94,2.54,563.4307087,48727,614.6959,597.8959,35061.92944,47273.84782,565.9315591,0.268929772,42065.10238,1.05265767,43752.08969,500.0016361,6.438921618,6.18E-12,4.51E-08,0.983859087
265,9.98,35816,7.36,2.63,547.0927757,48385,614.6959,596.5959,35061.92944,46953.09319,549.5350267,0.263315189,41849.95185,1.050645244,43558.33675,497.7874153,6.252210691,6.21E-12,4.53E-08,0.984326732
266,10.5,35816,7.78,2.71,529.4350554,48056,614.6959,595.0959,35061.92944,46644.39321,531.8125871,0.257719711,41645.84091,1.048990604,43358.187,495.5000913,6.050417151,6.25E-12,4.54E-08,0.984832193
267,11,35816,8.21,2.78,511.9071942,47738,614.6959,593.5959,35061.92944,46345.88593,514.2184878,0.253662215,41454.1156,1.047717968,43150.89697,493.1311679,5.850107651,6.28E-12,4.54E-08,0.985333993
268,11.5,35816,8.64,2.85,497.4722807,47432,614.6959,592.0959,35061.92944,46058.5236,499.7285749,0.248050849,41270.42306,1.046282953,42963.30134,490.9873132,5.68514455,6.30E-12,4.55E-08,0.98574726
269,12,35816,9.07,2.91,484.0140893,47137,614.6959,590.5959,35061.92944,45781.38021,486.2182767,0.243163734,41095.46388,1.044871085,42777.68433,488.8660703,5.531343492,6.31E-12,4.54E-08,0.986132586
270,12.5,35816,9.51,2.97,471.4040404,46852,614.6959,588.9959,35061.92944,45513.52784,473.5586094,0.239085339,40931.22541,1.043769996,42601.14499,486.8485675,5.387235058,6.34E-12,4.54E-08,0.986493652
271,13,35816,9.95,3.03,460.39967,46576,614.6959,587.3959,35061.92944,45254.03674,462.5107355,0.235014178,40768.97072,1.042737274,42441.13524,485.0199661,5.26147642,6.37E-12,4.54E-08,0.986808748
272,13.5,35816,10.4,3.09,451.0721683,46310,614.6959,585.6959,35061.92944,45003.85685,453.1460843,0.228478774,40622.1146,1.041191524,42272.1845,483.0891863,5.154881143,6.40E-12,4.55E-08,0.987075837
273,14,35816,10.8,3.14,441.8503185,46052,614.6959,584.0959,35061.92944,44761.1161,443.8869682,0.225170621,40484.33604,1.040304622,42122.3961,481.3773951,5.049493263,6.42E-12,4.55E-08,0.987339916
274,14.5,35816,11.3,3.19,433.4752351,45802,614.6959,582.2959,35061.92944,44525.82219,435.4778123,0.220216935,40343.45883,1.039148274,41965.71384,479.5868203,4.953782283,6.45E-12,4.55E-08,0.987579753
275,15,35816,11.7,3.24,425.791358,45560,614.6959,580.5959,35061.92944,44297.9826,427.7624585,0.216922284,40212.33693,1.038449472,41831.82748,478.0567586,4.865970452,6.48E-12,4.56E-08,0.987799803
276,15.5,35816,12.2,3.28,419.3271341,45327,614.6959,578.7959,35061.92944,44078.54653,421.2717236,0.212764085,40085.03959,1.037452484,41701.04483,476.5621663,4.792096894,6.49E-12,4.55E-08,0.987984925
277,7.49,35818,5.15,2.34,645.6858974,51776,634.6959,623.3959,35063.83781,50127.02018,648.4457762,0.312652689,43879.34667,1.066817813,45658.13724,521.7840675,7.378939095,5.96E-12,4.51E-08,0.981506708
278,7.98,35818,5.54,2.44,612.9979508,51344,634.6959,622.1959,35063.83781,49723.46552,615.6532766,0.306434015,43580.01588,1.064216694,45363.0889,518.4122364,7.005379183,5.97E-12,4.51E-08,0.982441931
279,8.48,35818,5.94,2.54,583.1106299,50930,634.6959,620.9959,35063.83781,49336.50962,585.6654058,0.300931161,43299.74763,1.061921225,45075.80586,515.1291479,6.663824998,6.00E-12,4.51E-08,0.983297168
280,8.98,35818,6.34,2.64,561.0375,50531,634.6959,619.6959,35063.83781,48963.37344,563.5157207,0.294706067,43036.41164,1.059599985,44824.29387,512.2548529,6.411571879,6.02E-12,4.53E-08,0.983928864
281,9.48,35818,6.74,2.74,538.0255474,50150,634.6959,618.2959,35063.83781,48606.88659,540.4221747,0.289223547,42787.52952,1.057631103,44578.35977,509.4443026,6.148589836,6.06E-12,4.54E-08,0.984587478
282,9.98,35818,7.15,2.84,520.0633803,49782,634.6959,616.9959,35063.83781,48262.39251,522.3945058,0.284479036,42553.40426,1.055782943,44359.22553,506.9400227,5.943317059,6.11E-12,4.56E-08,0.985101616
283,10.5,35818,7.56,2.92,502.0565068,49428,634.6959,615.5959,35063.83781,47930.84556,504.320912,0.27895355,42330.30127,1.053916806,44135.71245,504.3857012,5.737533375,6.13E-12,4.56E-08,0.985617065
284,11,35818,7.98,2.99,484.8795987,49086,634.6959,614.0959,35063.83781,47610.38956,487.0786493,0.274207754,42121.17216,1.052439409,43916.61171,501.8818041,5.541234587,6.13E-12,4.55E-08,0.986108804
285,11.5,35818,8.4,3.08,471.5853896,48755,634.6959,612.5959,35063.83781,47300.10198,473.7330079,0.268678859,41921.79156,1.05082723,43713.82684,499.5643658,5.389307528,6.18E-12,4.57E-08,0.986489414
286,12,35818,8.83,3.16,458.3537975,48435,634.6959,611.0959,35063.83781,46999.99625,460.4500439,0.263890191,41732.15698,1.049346642,43523.40183,497.3881768,5.23809606,6.22E-12,4.58E-08,0.986868236
287,12.5,35818,9.26,3.22,445.8717391,48126,634.6959,609.4959,35063.83781,46710.08538,447.9185737,0.25830831,41551.09212,1.04785066,43324.84538,495.1190611,5.095450312,6.22E-12,4.57E-08,0.987225626
288,13,35818,9.69,3.29,434.9547112,47827,634.6959,607.8959,35063.83781,46429.44316,436.9579655,0.255093405,41377.72111,1.046886942,43158.10858,493.2135826,4.970689829,6.26E-12,4.57E-08,0.987538216
289,13.5,35818,10.1,3.36,426.1425595,47537,634.6959,606.2959,35063.83781,46157.14153,428.1102832,0.248690693,41215.98091,1.045290578,42983.4275,491.2173162,4.869984005,6.29E-12,4.58E-08,0.987790547
290,14,35818,10.6,3.41,416.559824,47257,634.6959,604.5959,35063.83781,45894.12967,418.4884395,0.245447403,41064.05349,1.044399046,42819.52653,489.3442456,4.7604719,6.30E-12,4.57E-08,0.988064956
291,14.5,35818,11,3.49,408.3246418,46986,634.6959,602.9959,35063.83781,45639.47814,410.2196874,0.240593013,40912.86775,1.0431865,42662.58061,487.5506577,4.666359719,6.36E-12,4.60E-08,0.988300776
292,15,35818,11.5,3.54,400.3420904,46722,634.6959,601.1959,35063.83781,45391.31569,402.2040821,0.236539224,40767.46509,1.042245143,42505.82646,485.7592614,4.575134619,6.38E-12,4.60E-08,0.988529376
293,15.5,35818,11.9,3.59,393.0417827,46467,634.6959,599.4959,35063.83781,45151.53018,394.8733774,0.231642565,40631.03814,1.041102732,42346.49604,483.9384233,4.491706243,6.40E-12,4.60E-08,0.988738444
294,8.48,35820,5.77,2.72,564.7977941,52419,654.6959,641.2959,35065.74618,50727.25589,567.2752403,0.32057336,44063.21303,1.067036111,45943.62765,525.0466699,6.454544757,5.90E-12,4.56E-08,0.983822525
295,8.98,35820,6.16,2.83,541.2713781,51996,654.6959,639.9959,35065.74618,50332.44578,543.6669324,0.315943647,43777.38271,1.064963771,45683.0184,522.068411,6.185683393,5.94E-12,4.57E-08,0.984495783
296,9.48,35820,6.55,2.94,517.4098639,51588,654.6959,638.6959,35065.74618,49951.42744,519.7203645,0.309037292,43508.12699,1.062496423,45396.79979,518.7974867,5.912992507,5.97E-12,4.59E-08,0.985178688
297,9.98,35820,6.95,3.04,498.9378289,51195,654.6959,637.3959,35065.74618,49584.22316,501.1805043,0.304385294,43255.98756,1.060619695,45159.24251,516.0826671,5.701892928,6.01E-12,4.59E-08,0.985707405
298,10.5,35820,7.36,3.12,480.5532051,50815,654.6959,635.9959,35065.74618,49228.98429,482.7272681,0.29823341,43014.9196,1.058639254,44913.58503,513.275278,5.491792289,6.00E-12,4.57E-08,0.986233652
299,11,35820,7.77,3.22,465.5742236,50448,654.6959,634.4959,35065.74618,48885.72889,467.6911153,0.294309011,42787.62606,1.057084103,44700.71445,510.8425796,5.320611545,6.05E-12,4.59E-08,0.986662451
300,11.5,35820,8.18,3.3,450.6833333,50093,654.6959,633.0959,35065.74618,48553.53844,452.7427013,0.28963947,42573.14913,1.0555518,44486.33597,508.3926488,5.150437513,6.07E-12,4.59E-08,0.987088748
301,12,35820,8.59,3.39,437.4814159,49749,654.6959,631.5959,35065.74618,48231.49217,439.4885963,0.282663872,42366.70087,1.053663079,44255.67114,505.7565965,4.99956517,6.10E-12,4.60E-08,0.987466726
302,12.5,35820,9.01,3.47,425.2628242,49416,654.6959,629.9959,35065.74618,47919.60396,427.2215264,0.278742329,42170.17936,1.052454414,44065.91708,503.5880752,4.859930334,6.13E-12,4.60E-08,0.987816557
303,13,35820,9.44,3.54,414.4214689,49094,654.6959,628.4959,35065.74618,47617.88727,416.3366863,0.2740067,41982.29326,1.051005339,43874.88363,501.404933,4.736034643,6.15E-12,4.60E-08,0.988126969
304,13.5,35820,9.86,3.62,405.0151934,48781,654.6959,626.8959,35065.74618,47324.47996,406.8921481,0.268486239,41803.80103,1.049476143,43687.7977,499.2669032,4.628539134,6.18E-12,4.61E-08,0.988396307
305,14,35820,10.3,3.69,395.3411924,48478,654.6959,625.1959,35065.74618,47040.33038,397.1783615,0.26451433,41639.17591,1.048388682,43503.02053,497.155258,4.517984042,6.22E-12,4.62E-08,0.988673324
306,14.5,35820,10.7,3.76,386.3023936,48184,654.6959,623.4959,35065.74618,46764.5114,388.1021838,0.259741301,41475.09518,1.047147948,43321.18952,495.0772818,4.41468808,6.25E-12,4.63E-08,0.988932157
307,15,35820,11.2,3.81,378.1853018,47900,654.6959,621.7959,35065.74618,46497.97148,379.9511977,0.254187904,41324.57872,1.045916592,43141.11154,493.0193393,4.321925444,6.25E-12,4.61E-08,0.989164605
308,15.5,35820,11.6,3.88,372.193299,47623,654.6959,620.0959,35065.74618,46237.90403,373.9341276,0.250965806,41167.75967,1.044952682,43003.00124,491.4410061,4.253448458,6.30E-12,4.63E-08,0.989336199
309,8.98,35823,5.99,3,521.1376667,53472,674.6959,660.2959,35068.60871,51709.12725,523.4496455,0.334494135,44518.5875,1.070050134,46483.62702,531.2178167,5.955594071,5.83E-12,4.59E-08,0.985073555
310,9.48,35823,6.37,3.12,500.1467949,53039,674.6959,659.0959,35068.60871,51305.5403,502.3837592,0.328486476,44228.64437,1.067683574,46213.3503,528.1290773,5.715709066,5.87E-12,4.61E-08,0.98567426
311,9.98,35823,6.76,3.23,482.4421053,52620,674.6959,657.6959,35068.60871,50914.78363,484.6145169,0.323153462,43956.35433,1.065389416,45963.11014,525.269317,5.513378759,5.90E-12,4.62E-08,0.98618096
312,10.5,35823,7.16,3.33,463.239039,52216,674.6959,656.3959,35068.60871,50537.81182,465.3393819,0.317797099,43697.79942,1.063360511,45693.5421,522.1886765,5.293924909,5.92E-12,4.62E-08,0.9867306
313,11,35823,7.56,3.43,448.2565598,51824,674.6959,654.9959,35068.60871,50171.84539,450.2996522,0.31323652,43452.55883,1.061670014,45472.54024,519.6630533,5.122704192,5.95E-12,4.62E-08,0.987159466
314,11.5,35823,7.96,3.52,432.4613636,51445,674.6959,653.4959,35068.60871,49817.83571,434.442817,0.307151395,43223.47644,1.059814884,45215.06607,516.7206223,4.942195696,5.97E-12,4.62E-08,0.987611632
315,12,35823,8.37,3.61,420.434903,51076,674.6959,651.9959,35068.60871,49472.99648,422.3689745,0.302546512,43000.95818,1.058206506,45010.64545,514.3844905,4.804756547,5.99E-12,4.62E-08,0.987955924
316,12.5,35823,8.78,3.71,408.9735849,50719,674.6959,650.4959,35068.60871,49139.2115,410.8617747,0.297923098,42788.62465,1.05669121,44801.41906,511.9934382,4.673775882,6.04E-12,4.64E-08,0.988284058
317,13,35823,9.2,3.78,396.9095238,50374,674.6959,648.9959,35068.60871,48816.49644,398.7487642,0.292537205,42586.3062,1.055199446,44577.4688,509.4341206,4.535907032,6.05E-12,4.63E-08,0.988629467
318,13.5,35823,9.62,3.86,481.96,50038,674.6959,647.3959,35068.60871,48502.05835,484.1621404,0.0652,42770.40763,1.046815234,45926.88597,524.8553449,5.507869229,5.89E-12,4.58E-08,0.986193859
319,14,35823,10,3.95,466.06,49712,674.6959,645.7959,35068.60871,48196.84473,468.1980635,0.0638,42571.23293,1.045779181,45665.38119,521.8668518,5.326163028,5.94E-12,4.60E-08,0.986649084
320,9.98,35825,6.58,3.4,651.56,54058,694.6959,678.0959,35070.51706,52254.95598,654.397414,0.0792,45246.86323,1.057275782,49103.91303,561.1626103,7.446068709,5.45E-12,4.55E-08,0.981340526
321,10.5,35825,6.97,3.52,614.74,53628,694.6959,676.6959,35070.51706,51854.47418,617.4453128,0.078,44945.09129,1.056360173,48732.37824,556.9166873,7.025287431,5.52E-12,4.56E-08,0.982394177
322,11,35825,7.36,3.63,582.4,53212,694.6959,675.3959,35070.51706,51466.8162,584.9863119,0.0766,44659.33196,1.055300582,48372.2346,552.800943,6.655703874,5.58E-12,4.58E-08,0.983319712
