,Q_f_HPP [m^3/hr],P_f_RO [bar],RO_rr [%],q_f [m^3/hr],P_c [bar],S_c [mg/L],num_turbos [-],turbo_model [-],suction_pressure [bar],exhaust_pressure [bar],bypass_flowrate [m^3/hr],turbo_efficiency [%],valve_position [-],P_hpp_outlet [bar],hpp_efficiency [%,motor_efficiency [%],vfd_efficiency [%],sec_system [kWh/m^3],warning [-]
0,1061.8,47.46,23.6,4.117546057,46.75,49321,1,AT 7800,1.01,1.4,0,75.6,Closed,21.26,85.3,95.3,97,3.02,0
1,366.4,66.28,53.6,6.712796839,64.99,72998,1,AT 1500,1.01,1.4,0,65.9,Closed,46.84,79.4,94.1,97,3.27,0
2,1736.9,32.24,29.9,8.515380656,29.43,53108,0,0,0,0,0,0,0,0,0,0,0,0,1
3,1830.3,39.39,32.9,12.0968585,33.92,55073,0,0,0,0,0,0,0,0,0,0,0,0,1
4,2223.3,34.66,39.7,12.53474632,29.27,60034,0,0,0,0,0,0,0,0,0,0,0,0,1
5,1043.7,34.29,29,4.789404371,33.39,52534,1,AT 7800,1.01,1.4,0,75.9,Closed,17.05,85.2,95.3,97,1.95,0
6,1306.5,52.2,27.2,4.779757063,51.28,51489,1,AT 7800,1.01,1.4,0,77.1,Closed,24.2,86.3,95.6,97,2.96,0
7,373,59.17,20.8,7.967042852,56.44,47834,0,0,0,0,0,0,0,0,0,0,0,0,1
8,218.4,67.29,28.5,9.786618101,63.53,52300,1,AT 1500,1.01,1.4,0,68.7,Closed,36.77,77.2,93.6,97,4.97,0
9,579,30.88,40.7,4.231380934,30.27,60801,1,LPT 2000,1.01,1.4,0,88.1,Closed,15.79,81.4,94.7,97,1.35,0
10,2062.7,30.25,24,4.497996033,29.42,49565,0,0,0,0,0,0,0,0,0,0,0,0,1
11,890.6,43.06,23.1,8.433717317,40.08,49035,0,0,0,0,0,0,0,0,0,0,0,0,1
12,1417.6,44.19,23.2,6.629422452,42.36,49127,0,0,0,0,0,0,0,0,0,0,0,0,1
13,769.2,36.94,30.6,11.03626049,32.27,53592,1,AT 6000,1.01,1.4,0,74.5,Closed,20.98,82.6,95,97,2.38,0
14,1822.8,28.99,56.2,13.83350607,23.7,75934,0,0,0,0,0,0,0,0,0,0,0,0,1
15,503.7,51.31,26.5,5.625517247,50.04,51074,1,AT 3250,1.01,1.4,0,72.9,Closed,25.25,80.8,94.5,97,3.43,0
16,1798.9,31.5,31.4,7.119029198,29.57,54049,0,0,0,0,0,0,0,0,0,0,0,0,1
17,564.9,51.37,42.5,3.511962779,50.96,62309,1,AT 3250,1.01,1.4,0,73,Closed,30.55,81.3,94.6,97,2.59,0
18,1674.2,60.33,39.7,10.14656659,56.79,60079,1,AT 7800,1.01,1.6,0,78.7,Closed,34.15,87.4,95.9,97,2.85,0
19,454.7,44.63,21.1,6.13812211,43.02,47946,0,0,0,0,0,0,0,0,0,0,0,0,1
20,307.9,50.92,36.3,9.899099091,47.41,57487,1,AT 1500,1.01,1.9,0,70,Closed,30.64,78.7,93.9,97,3.16,0
21,185.8,41.05,34.3,14.26833211,33.57,56023,1,AT 1500,1.01,1.4,0,68.3,Closed,26.61,76.5,93.4,97,2.99,0
22,1892.9,67.61,23.1,4.440998691,66.79,49128,0,0,0,0,0,0,0,0,0,0,0,0,1
23,1479.9,42.88,49.8,3.702835236,42.46,69014,1,AT 7800,1.01,1.4,0,75.2,Closed,27.38,86.8,95.7,97,1.82,0
24,484.7,30.61,40.5,5.361082442,29.63,60656,1,LPT 2000,1.01,1.4,0,76.8,Closed,17.71,80.6,94.5,97,1.55,0
25,984.1,37.44,35.1,7.566100049,35.36,56637,1,AT 6000,1.01,1.4,0,75.6,Closed,20.77,84.9,95.3,97,1.99,0
26,135.7,63.57,44.3,9.427358731,60.69,63938,1,AT 875,1.01,1.4,0,65.7,Closed,41.86,75.1,93,97,3.78,0
27,546.9,62.11,33.7,13.42852991,55.45,55715,1,AT 3250,1.01,1.4,0,73.3,Closed,35.85,81.2,94.6,97,3.86,0
28,644.6,40.51,34,5.308205992,39.47,55825,1,AT 4150,1.01,1.4,0,73.8,Closed,21.96,81.9,94.8,97,2.27,0
29,183.1,57.22,21,15.21155851,47.3,47883,1,AT 1500,1.01,1.4,0,67.4,Closed,32.76,76.4,93.4,97,6.07,0
30,1132,56.3,36.8,5.504269667,55.22,57894,1,AT 6000,1.01,1.4,0,76.4,Closed,30.33,85.6,95.4,97,2.79,0
31,1223.2,41.79,22.7,11.71911795,36.01,48800,0,0,0,0,0,0,0,0,0,0,0,0,1
32,1441.6,61.97,52.2,9.081980297,59.56,71534,0,0,0,0,0,0,0,0,0,0,0,0,1
33,326.2,40.59,53.5,4.031550715,40.12,72883,0,0,0,0,0,0,0,0,0,0,0,0,1
34,391,27.05,51.8,5.176048933,26.27,71029,1,LPT 2000,1.01,1.4,0,67.6,Closed,18.95,79.7,94.2,97,1.32,0
35,148.5,38.79,30.4,8.255067768,36.17,53462,1,LPT 1000,1.01,1.4,0,67.2,Closed,22.52,75.5,93.1,97,2.88,0
36,1423.2,39.58,32.6,9.198543544,36.41,54882,0,0,0,0,0,0,0,0,0,0,0,0,1
37,452.4,66.01,50.8,4.855652884,65.31,70104,1,AT 2150,1.01,1.4,0,69.4,Closed,44.2,80.3,94.4,97,3.21,0
38,2038.9,47.84,37.1,12.55112453,42.26,58110,0,0,0,0,0,0,0,0,0,0,0,0,1
39,1015,48.73,36.7,13.12903111,42.58,57763,1,AT 6000,1.01,1.4,0,75.8,Closed,28.98,85.1,95.3,97,2.69,0
40,660.4,58.42,37.6,5.573694537,57.33,58482,1,AT 3250,1.01,1.4,0,73.9,Closed,32.64,82,94.8,97,3.1,0
41,130.3,66.71,43.3,7.462596575,64.89,63023,1,AT 875,1.01,1.4,0,65.5,Closed,43.11,75,93,97,3.99,0
42,602.7,45.4,41.3,9.862489095,42.13,61343,1,AT 3250,1.01,1.4,0,73.5,Closed,27.84,81.6,94.7,97,2.41,0
43,947.7,66.39,49.2,10.48073904,63.05,68459,1,AT 4150,1.01,1.4,0,72.7,Closed,43.62,84.7,95.2,97,3.07,0
44,1767.9,47.33,55.5,5.278386708,46.56,75119,0,0,0,0,0,0,0,0,0,0,0,0,1
45,435.7,37.95,27.3,8.189458976,35.28,51492,1,LPT 2000,1.01,1.4,0,73.4,Closed,19.86,80.2,94.3,97,2.61,0
46,1779.8,60.38,22,10.02901577,56.13,48496,0,0,0,0,0,0,0,0,0,0,0,0,1
47,2225,69.52,22.5,8.892963329,66.19,48783,0,0,0,0,0,0,0,0,0,0,0,0,1
48,1940.8,34.22,51.7,5.337153702,33.39,70920,0,0,0,0,0,0,0,0,0,0,0,0,1
49,919.7,54.95,31.3,6.008501796,53.58,54056,0,0,0,0,0,0,0,0,0,0,0,0,1
50,1204.9,54.67,21.8,8.750683547,51.42,48369,1,AT 7800,1.01,1.4,0,76,Closed,24.93,85.9,95.5,97,3.83,0
51,1111.6,60.68,24.3,3.690987337,60.12,49793,1,AT 6000,1.01,1.6,0,75.8,Closed,27.11,85.5,95.4,97,3.77,0
52,446.4,29.69,38.3,9.449989386,26.57,58944,1,LPT 2000,1.01,1.4,0,73.7,Closed,18.24,80.3,94.4,97,1.7,0
53,1949.6,33.21,23.3,4.385526252,32.41,49160,0,0,0,0,0,0,0,0,0,0,0,0,1
54,1007.5,35.37,26.3,9.505054491,31.72,50869,1,AT 7800,1.01,1.4,0,75.6,Closed,18.47,85,95.3,97,2.35,0
55,1288.4,44.95,42.7,13.79964337,38.66,62471,1,AT 7800,1.01,1.4,0,76.7,Closed,28.57,86.2,95.6,97,2.24,0
56,1655.3,32.46,56.6,6.237918079,31.39,76385,0,0,0,0,0,0,0,0,0,0,0,0,1
57,1236.8,36.87,45,10.73130712,33.17,64409,1,AT 7800,1.01,1.4,0,75.9,Closed,23.61,86,95.5,97,1.75,0
58,1279.2,42.3,21.5,9.518073503,38.45,48181,0,0,0,0,0,0,0,0,0,0,0,0,1
59,1504.8,65.97,55.6,3.919264468,65.54,75307,0,0,0,0,0,0,0,0,0,0,0,0,1
60,405.4,48.43,34.4,5.483655363,47.33,56167,1,AT 2150,1.01,1.4,0,72.5,Closed,26.6,79.9,94.3,97,2.83,0
61,815,32.18,26.2,8.18008152,29.48,50812,1,AT 7800,1.01,1.4,0,74.6,Closed,16.72,83.9,95,97,2.15,0
62,930.7,28.34,27.8,15.45568307,18.88,51802,0,0,0,0,0,0,0,0,0,0,0,0,1
63,2167.5,58.02,35.5,4.16720173,57.39,56989,0,0,0,0,0,0,0,0,0,0,0,0,1
64,1613.9,57,49.1,4.184590398,56.46,68296,1,AT 7800,1.01,1.4,0,76,Closed,35.7,87.2,95.8,97,2.42,0
65,1775.5,38.63,22.8,11.17353474,33.4,48877,0,0,0,0,0,0,0,0,0,0,0,0,1
66,1232.6,35.15,42.8,12.93143445,29.63,62502,1,AT 7800,1.01,1.4,0,76.4,Closed,22.81,86,95.5,97,1.78,0
67,1730.8,32.13,24.6,11.70448735,26.5,49855,0,0,0,0,0,0,0,0,0,0,0,0,1
68,767.1,55.78,28.2,3.880070187,55.19,52117,1,AT 4150,1.01,1.4,0,74.5,Closed,27.02,82.6,95,97,3.37,0
69,2042.7,31.84,43.9,10.32719855,28.37,63498,0,0,0,0,0,0,0,0,0,0,0,0,1
70,692.5,28.94,42.8,7.710097691,26.98,62546,1,AT 6000,1.01,1.4,0,73.4,Closed,18.21,82.2,94.9,97,1.48,0
71,393.5,29.46,59,3.59607965,29.12,79417,1,LPT 2000,1.01,1.4,0,64.1,Closed,22.18,79.7,94.2,97,1.37,0
72,174.9,67.55,46.8,10.07642343,64.37,66163,1,AT 875,1.01,1.4,0,66.2,Closed,45.38,76.2,93.3,97,3.82,0
73,1161.2,41.37,28.8,11.66462751,36.04,52427,1,AT 7800,1.01,1.4,0,76.5,Closed,22.51,85.7,95.4,97,2.61,0
74,1258.6,65.41,41.8,6.414358497,64.03,61826,1,AT 6000,1.01,1.4,0,76.4,Closed,37.57,86.1,95.5,97,3.05,0
75,1352.9,27.39,29.5,13.29630317,20.52,52856,0,0,0,0,0,0,0,0,0,0,0,0,1
76,1856.3,33.59,21,5.846197762,32.13,47884,0,0,0,0,0,0,0,0,0,0,0,0,1
77,1269.1,64.27,20.8,4.529448226,63.39,47816,1,AT 7800,1.01,1.4,0,75.8,Closed,27.05,86.1,95.5,97,4.36,0
78,521.5,35.3,41.2,14.16720704,28.53,61184,1,LPT 2000,1.01,1.4,0,80.2,Closed,22.5,81,94.5,97,1.95,0
79,305.9,42.11,25.6,12.32767236,35.93,50493,0,0,0,0,0,0,0,0,0,0,0,0,1
80,566.5,65.14,58,10.11530279,62.38,78186,1,AT 3250,1.01,1.4,0,66.2,Closed,48.18,81.3,94.6,97,3.03,0
81,805.8,50.43,23.8,13.88948166,42.42,49445,1,AT 6000,1.01,1.4,0,74.3,Closed,27.2,83.9,95,97,3.95,0
82,615.2,68.85,44.9,6.32307446,67.57,64412,1,AT 3250,1.01,1.4,0,72.4,Closed,42.45,81.7,94.7,97,3.42,0
83,1747,55.63,25.3,11.6115745,50.14,50357,0,0,0,0,0,0,0,0,0,0,0,0,1
84,2258.6,38.75,30.1,13.82646735,31.38,53260,0,0,0,0,0,0,0,0,0,0,0,0,1
85,1990.6,47.73,59.9,13.36111304,43.05,80663,0,0,0,0,0,0,0,0,0,0,0,0,1
86,558.6,42.78,26.6,13.21932794,35.76,51090,1,AT 4150,1.01,1.4,0,73.2,Closed,24.31,81.3,94.6,97,3.26,0
87,850,68.75,23.3,4.370091675,67.95,49208,0,0,0,0,0,0,0,0,0,0,0,0,1
88,1872.9,41.08,50.1,11.49621802,37.11,69268,0,0,0,0,0,0,0,0,0,0,0,0,1
89,1271.5,58.33,20.3,4.044886914,57.63,47569,1,AT 7800,1.01,1.5,0,76,Closed,24.32,86.1,95.5,97,4,0
90,1328.5,40.1,26.9,12.08736859,34.25,51254,0,0,0,0,0,0,0,0,0,0,0,0,1
91,1697.1,51.73,33.8,9.902559799,48.11,55733,0,0,0,0,0,0,0,0,0,0,0,0,1
92,837.9,56.81,27.7,3.500245716,56.32,51763,0,0,0,0,0,0,0,0,0,0,0,0,1
93,590.7,28.48,31.5,12.48839693,22.56,54125,0,0,0,0,0,0,0,0,0,0,0,0,1
94,1294.4,55.33,50.1,10.05012196,52.3,69284,1,AT 6000,1.01,1.4,0,74.3,Closed,36.47,86.2,95.6,97,2.46,0
95,1882.2,31.39,26.7,7.387991103,29.2,51152,0,0,0,0,0,0,0,0,0,0,0,0,1
96,1169.6,50.9,26.1,5.518899912,49.67,50835,1,AT 7800,1.01,1.4,0,76.4,Closed,23.65,85.7,95.4,97,3.04,0
97,1262.7,53.96,45.7,5.377096581,53.04,65090,1,AT 6000,1.01,1.4,0,75.8,Closed,32.71,86.1,95.5,97,2.42,0
98,304.8,47.36,46.3,10.59695446,43.82,65687,1,AT 1500,1.01,1.4,0,68.5,Closed,31.75,78.6,93.9,97,2.57,0
99,2050.9,32.79,50.9,3.971701138,32.32,70062,0,0,0,0,0,0,0,0,0,0,0,0,1
100,1184.2,41.35,38,6.162527943,40.02,58781,1,AT 7800,1.01,1.4,0,76.6,Closed,23.01,85.8,95.5,97,2.02,0
101,969.8,36.2,30.6,14.52378556,28.11,53551,1,AT 7800,1.01,1.4,0,75.6,Closed,22.2,84.8,95.2,97,2.45,0
102,1465.5,65.63,32,15.09803035,57.03,54542,1,AT 7800,1.01,1.7,0,77.8,Closed,36.34,86.8,95.7,97,3.81,0
103,683.2,28.44,26.4,11.52424114,23.1,50950,1,AT 6000,1.01,1.4,0,73.1,Closed,16.77,82.1,94.8,97,2.2,0
104,41.8,48.85,36.8,14.41668462,41.45,57892,1,AT 250,1.01,1.4,0,61.9,Closed,33.19,69.8,91.7,97,3.91,0
105,820.7,65.06,40.5,6.911941138,63.44,60772,1,AT 4150,1.01,1.4,0,74.5,Closed,37.56,84,95.1,97,3.24,0
106,1098.3,61.86,52,15.41329498,54.9,71282,1,AT 6000,1.01,1.4,0,72.5,Closed,43.25,85.4,95.4,97,2.85,0
107,1227,38.33,56.1,15.24358961,31.9,75822,1,AT 7800,1.01,1.4,0,70.9,Closed,28.83,86,95.5,97,1.73,0
108,717.9,66.95,56.6,7.928295179,65.23,76550,0,0,0,0,0,0,0,0,0,0,0,0,1
109,1933.9,48.05,40.4,10.03966148,44.62,60624,0,0,0,0,0,0,0,0,0,0,0,0,1
110,1469.2,36.93,53,7.328638659,35.38,72316,1,AT 7800,1.01,1.4,0,73.6,Closed,25.17,86.8,95.7,97,1.57,0
111,2059.1,31.9,57.6,14.80140153,25.96,77578,0,0,0,0,0,0,0,0,0,0,0,0,1
112,505,66.5,44.6,12.28242584,61.63,64182,1,AT 2150,1.01,1.4,0,72.1,Closed,42.45,80.8,94.5,97,3.48,0
113,1430.2,40.46,44.4,10.71063514,36.75,63957,1,AT 7800,1.01,1.4,0,76.9,Closed,25.34,86.7,95.7,97,1.89,0
114,19.1,53.36,56.1,14.30250437,47.7,75839,1,AT 95,1.01,1.4,0,33.7,Closed,46.52,65.4,90.8,97,3.91,0
115,279.1,49.62,56.4,13.0587387,44.92,76217,1,AT 1500,1.01,1.4,0,63.6,Closed,37.56,78.3,93.8,97,2.53,0
116,1051.8,65.8,24.9,14.50302002,57.19,50127,1,AT 6000,1.01,1.6,0,75.7,Closed,34.21,85.2,95.3,97,4.7,0
117,423.5,41.53,41.2,11.24007258,37.27,61253,1,AT 3250,1.01,1.4,0,72.5,Closed,26.25,80.1,94.3,97,2.32,0
118,1073.8,29.72,39.5,14.39631185,22.58,59841,1,AT 7800,1.01,1.4,0,75.1,Closed,20.09,85.3,95.4,97,1.7,0
119,1816.1,55.58,44.3,3.720034307,55.13,63899,1,AT 7800,1.01,1.5,0,78.4,Closed,32.16,87.7,95.9,97,2.39,0
120,808.4,67.22,25,7.348559438,65.01,50189,1,AT 4150,1.01,2,0,74.2,Closed,32.17,83.9,95,97,4.48,0
121,1057.7,36.64,31.8,3.644056011,36.14,54360,1,AT 7800,1.01,1.4,0,76,Closed,18.63,85.3,95.3,97,1.95,0
122,151.1,44.87,27.4,5.068499342,43.84,51603,1,AT 1100,1.01,1.4,0,67.2,Closed,24.15,75.6,93.1,97,3.43,0
123,1642.4,31.72,52.5,3.847713413,31.29,71760,0,0,0,0,0,0,0,0,0,0,0,0,1
124,846.7,27.85,42.6,3.615674822,27.42,62328,1,AT 6000,1.01,1.4,0,74.6,Closed,16.71,84.1,95.1,97,1.32,0
125,1851.9,28.84,43.2,5.421175391,27.88,62878,0,0,0,0,0,0,0,0,0,0,0,0,1
126,1963.8,53.07,56,11.95873919,49.11,75715,0,0,0,0,0,0,0,0,0,0,0,0,1
127,2030.2,60.83,29.3,14.3069768,52.86,52764,0,0,0,0,0,0,0,0,0,0,0,0,1
128,533.9,55.17,33.4,5.41244506,54.09,55491,1,AT 3250,1.01,1.4,0,73.2,Closed,29.48,81.1,94.6,97,3.18,0
129,1767,44.7,50.4,13.26207424,39.44,69594,0,0,0,0,0,0,0,0,0,0,0,0,1
130,70.5,37.53,40,7.05924083,35.83,60245,0,0,0,0,0,0,0,0,0,0,0,0,1
131,553.8,67.38,36.9,8.623844831,64.73,57976,1,AT 3250,1.01,1.4,0,73.1,Closed,38.17,81.2,94.6,97,3.75,0
132,12.9,68.6,24.9,11.36684107,63.3,50105,1,AT 95,1.01,1.4,0,34.3,Closed,52.67,62.1,90.4,97,10.59,0
133,556.6,51.71,22.4,12.50401424,45.12,48657,1,AT 4150,1.01,1.4,0,72.7,Closed,27.03,81.2,94.6,97,4.33,0
134,1058,53.13,39.7,8.354459229,50.74,60108,1,AT 6000,1.01,1.4,0,76,Closed,30.52,85.3,95.3,97,2.62,0
135,424.9,50.53,24.7,12.65340315,43.95,49947,1,AT 3250,1.01,1.4,0,72.3,Closed,27.37,80.1,94.3,97,4.05,0
136,1754.8,33.49,45.1,10.21887645,30.14,64518,0,0,0,0,0,0,0,0,0,0,0,0,1
137,2263.4,38.12,58.6,5.995334621,37.16,78888,0,0,0,0,0,0,0,0,0,0,0,0,1
138,788.3,62.74,25.1,14.97281786,53.58,50254,0,0,0,0,0,0,0,0,0,0,0,0,1
139,1868,35.21,51.4,9.284521596,32.67,70543,0,0,0,0,0,0,0,0,0,0,0,0,1
140,2068.1,45.09,23.9,8.503041586,42.1,49534,0,0,0,0,0,0,0,0,0,0,0,0,1
141,1295.6,63.9,49,14.40456405,57.58,68243,1,AT 6000,1.01,1.4,0,74.7,Closed,42.51,86.2,95.6,97,2.94,0
142,2218.9,55.09,49.3,11.90328482,50.78,68495,0,0,0,0,0,0,0,0,0,0,0,0,1
143,1871.1,35.54,51.2,8.583221719,33.36,70375,0,0,0,0,0,0,0,0,0,0,0,0,1
144,1095.5,34.98,29.9,6.019853277,33.58,53104,1,AT 7800,1.01,1.4,0,76.2,Closed,17.79,85.4,95.4,97,1.97,0
145,1154.2,63.54,27.6,14.12868395,55.6,51710,1,AT 7800,1.01,1.4,0,76.4,Closed,33.56,85.7,95.4,97,4.13,0
146,51.5,35.19,56.8,5.431711266,34.38,76685,1,AT 350,1.01,1.4,0,61.9,Closed,26.36,70.8,91.9,97,1.96,0
147,47.7,66.64,39.4,4.212816586,66.02,59902,1,AT 250,1.01,1.4,0,62.7,Closed,42.07,70.5,91.9,97,4.61,0
148,618.1,44.03,36.4,7.290595404,42.13,57592,1,AT 3250,1.01,1.4,0,73.7,Closed,24.95,81.7,94.7,97,2.43,0
149,180.3,42.71,22.9,9.474437978,38.95,48959,1,AT 1500,1.01,1.4,0,67.7,Closed,23.11,76.4,93.3,97,3.88,0
150,1532.8,69.77,33.1,4.241563472,69.1,55336,1,AT 7800,1.01,1.5,0,77.5,Closed,34.72,87,95.8,97,3.5,0
151,1602.9,27.6,35.4,10.30673886,23.75,56798,0,0,0,0,0,0,0,0,0,0,0,0,1
152,459.2,59.97,55,11.38374197,56.33,74646,1,AT 2150,1.01,1.4,0,67.5,Closed,43.29,80.4,94.4,97,2.9,0
153,202.4,28.71,23.6,7.864306055,26.13,49289,1,LPT 1000,1.01,1.4,0,67.9,Closed,15.89,76.9,93.5,97,2.51,0
154,1228,47.99,57.8,9.644848315,45.48,77939,0,0,0,0,0,0,0,0,0,0,0,0,1
155,1368,56.09,29,3.795084285,55.53,52604,1,AT 7800,1.01,1.4,0,77.4,Closed,26.33,86.5,95.6,97,3.02,0
156,1364.1,62.46,50.7,14.26086403,56.4,69939,1,AT 6000,1.01,1.4,0,74.3,Closed,42.31,86.5,95.6,97,2.82,0
157,383.2,30.04,41.1,11.58865369,25.51,61136,1,LPT 2000,1.01,1.4,0,70.8,Closed,19.99,79.6,94.2,97,1.76,0
158,1592,57.31,57.4,4.514304063,56.76,77448,1,AT 7800,1.01,1.4,0,71.7,Closed,40.4,87.1,95.8,97,2.35,0
159,1689.3,43,57.3,13.8095411,37.81,77304,0,0,0,0,0,0,0,0,0,0,0,0,1
160,331.2,68.67,41.9,3.554345505,68.25,61886,1,AT 1500,1.01,1.5,0,69.7,Closed,41.65,79,94,97,3.74,0
161,1959.9,35.04,31.6,4.018321404,34.43,54253,0,0,0,0,0,0,0,0,0,0,0,0,1
162,706.7,59.8,49.6,12.92242036,54.75,68835,0,0,0,0,0,0,0,0,0,0,0,0,1
163,177.8,43.47,53.7,9.318568545,40.99,73087,0,0,0,0,0,0,0,0,0,0,0,0,1
164,1033.8,41.95,41.5,13.73233219,35.62,61505,1,AT 6000,1.01,1.4,0,75.7,Closed,26.79,85.2,95.3,97,2.19,0
165,2053.3,46.23,48.8,6.468005527,44.96,68000,0,0,0,0,0,0,0,0,0,0,0,0,1
166,672.2,54.93,56.3,13.69403655,49.75,76099,0,0,0,0,0,0,0,0,0,0,0,0,1
167,2000.2,52.42,57.9,9.73183622,49.86,78023,0,0,0,0,0,0,0,0,0,0,0,0,1
168,1151.6,61.18,24.4,14.88543746,52.05,49821,1,AT 7800,1.01,1.4,0,76.1,Closed,32.02,85.7,95.4,97,4.45,0
169,1179.6,66.11,46.8,15.08442696,58.97,66125,1,AT 6000,1.01,1.4,0,74.9,Closed,43.17,85.8,95.5,97,3.15,0
170,69.8,35.43,30.8,11.60426681,30.27,53672,1,AT 550,1.01,1.4,0,62.8,Closed,22.89,72.2,92.3,97,3.05,0
171,2238.2,40.27,35.8,6.605044141,38.7,57112,0,0,0,0,0,0,0,0,0,0,0,0,1
172,1489.8,64.5,40.8,10.90266571,60.48,61016,1,AT 7800,1.01,1.4,0,77.7,Closed,37.33,86.9,95.7,97,3.07,0
173,680.6,40.85,48.8,14.79610178,34.17,68015,1,AT 4150,1.01,1.4,0,71.7,Closed,28.82,82.1,94.8,97,2.1,0
174,1929.2,39.56,29.4,4.955479062,38.6,52805,0,0,0,0,0,0,0,0,0,0,0,0,1
175,960.9,30.21,41.3,9.180712754,27.37,61272,1,AT 7800,1.01,1.4,0,75.4,Closed,18.72,84.8,95.2,97,1.52,0
176,1371.8,57.49,46.5,12.14722062,52.84,65807,1,AT 6000,1.01,1.4,0,76,Closed,36.57,86.5,95.6,97,2.65,0
177,1914.8,63.45,21.3,15.49158842,53.21,48070,0,0,0,0,0,0,0,0,0,0,0,0,1
178,525,50.67,25.7,14.118585,42.57,50542,0,0,0,0,0,0,0,0,0,0,0,0,1
179,942.9,68.12,58.1,11.74560735,64.41,78408,0,0,0,0,0,0,0,0,0,0,0,0,1
180,1385.5,66.31,40.8,9.462224311,63.27,60949,1,AT 6000,1.01,1.6,0,77.1,Closed,38.15,86.5,95.6,97,3.15,0
181,2072.3,48.49,31.2,9.363307505,45.16,53996,0,0,0,0,0,0,0,0,0,0,0,0,1
182,1864.8,59.6,26.3,5.612338374,58.33,50966,0,0,0,0,0,0,0,0,0,0,0,0,1
183,544.5,39.91,47.3,5.092662377,39.1,66527,1,AT 3250,1.01,1.4,0,71.5,Closed,25.7,81.1,94.6,97,1.95,0
184,249.5,59.13,39.5,10.81001781,55.11,59947,1,AT 1500,1.01,1.4,0,69.3,Closed,36.6,77.8,93.7,97,3.54,0
185,2089.4,64.85,26.7,8.870062499,61.69,51190,0,0,0,0,0,0,0,0,0,0,0,0,1
186,1919.7,61.55,56.2,8.570600038,59.52,75992,1,AT 7800,1.01,1.4,0,73.4,Closed,42.87,88,96,97,2.53,0
187,122.3,32.89,56.3,5.453461917,32.07,76105,1,AT 875,1.01,1.4,0,60.1,Closed,24.84,74.7,92.9,97,1.75,0
188,1744.5,53.46,50.8,4.837420836,52.76,69978,1,AT 7800,1.01,1.4,0,75.8,Closed,34.32,87.5,95.9,97,2.24,0
189,1890,61.44,34.5,5.785170776,60.22,56258,0,0,0,0,0,0,0,0,0,0,0,0,1
190,1469.5,55.91,58.9,11.82146904,52.19,79403,1,AT 7800,1.01,1.4,0,70.3,Closed,41.23,86.8,95.7,97,2.35,0
191,258.8,49.98,28.6,10.37574669,45.75,52303,1,AT 1500,1.01,1.6,0,69.4,Closed,28.1,77.9,93.8,97,3.71,0
192,197.9,65.55,31.4,11.39268426,60.62,54181,1,AT 1100,1.01,1.4,0,68.4,Closed,37.75,76.8,93.5,97,4.67,0
193,1425.6,59.92,26.5,6.423214955,58.26,51060,1,AT 7800,1.01,1.7,0,77.5,Closed,27.71,86.7,95.7,97,3.48,0
194,1020.2,68.96,49.4,8.988314529,66.51,68618,1,AT 4150,1.01,1.4,0,72.8,Closed,44.97,85.1,95.3,97,3.14,0
195,268.3,53.32,33.1,9.167560234,50.19,55241,1,AT 1500,1.01,1.4,0,69.5,Closed,30.62,78.1,93.8,97,3.5,0
196,437.3,54.77,38.6,6.968722918,53.08,59240,1,AT 2150,1.01,1.4,0,72.7,Closed,31.72,80.2,94.3,97,3.01,0
197,1076.2,52.49,28.5,9.99576808,48.56,52289,1,AT 7800,1.01,1.4,0,76.1,Closed,26.84,85.3,95.4,97,3.19,0
198,1317.4,37.65,20.1,10.5383971,32.85,47395,0,0,0,0,0,0,0,0,0,0,0,0,1
199,1202.4,56.72,40.2,7.618301487,54.74,60462,1,AT 6000,1.01,1.4,0,76.7,Closed,32.26,85.9,95.5,97,2.72,0
200,1951.1,50.74,30.5,6.295130345,49.22,53551,0,0,0,0,0,0,0,0,0,0,0,0,1
201,642.7,57.68,54.1,11.89085786,53.66,73595,0,0,0,0,0,0,0,0,0,0,0,0,1
202,1456.9,35.12,39.8,11.4732389,30.61,60147,0,0,0,0,0,0,0,0,0,0,0,0,1
203,1338.5,61.04,59.9,4.344427689,60.54,80674,0,0,0,0,0,0,0,0,0,0,0,0,1
204,908.3,64.81,33,3.950739352,64.22,55245,1,AT 4150,1.01,1.9,0,74.9,Closed,33.52,84.5,95.2,97,3.51,0
205,852.7,63.12,37.3,13.46562611,56.71,58282,1,AT 4150,1.01,1.5,0,74.9,Closed,37.18,84.2,95.1,97,3.47,0
206,783.8,51.58,46.9,9.046617944,49.02,66242,1,AT 4150,1.01,1.4,0,73,Closed,33.12,82.7,95,97,2.5,0
207,195.7,57.13,40.8,5.778469974,56,60943,1,AT 1100,1.01,1.4,0,68.5,Closed,34.99,76.7,93.4,97,3.33,0
208,1280.8,30.92,41.7,4.576578405,30.22,61635,1,AT 7800,1.01,1.4,0,76.9,Closed,18,86.2,95.6,97,1.42,0
209,526.9,47.38,45.9,5.9450177,46.26,65286,1,AT 3250,1.01,1.4,0,71.9,Closed,29.93,81,94.6,97,2.36,0
210,2182.1,62.41,48,13.32556339,56.92,67282,0,0,0,0,0,0,0,0,0,0,0,0,1
211,1838,37.26,40.9,12.34762685,32.1,60982,0,0,0,0,0,0,0,0,0,0,0,0,1
212,215,45.78,49.1,5.025056035,45.01,68282,0,0,0,0,0,0,0,0,0,0,0,0,1
213,1626.1,56.49,52.8,11.64714704,52.56,72163,1,AT 7800,1.01,1.4,0,74.4,Closed,38.53,87.2,95.8,97,2.43,0
214,1778.7,34.9,32.3,8.481751287,32.19,54694,0,0,0,0,0,0,0,0,0,0,0,0,1
215,780.6,49.84,37.5,9.326531723,46.77,58404,1,AT 4150,1.01,1.4,0,74.6,Closed,28.7,82.7,95,97,2.69,0
216,1977.5,65,33.2,7.600884295,62.85,55334,0,0,0,0,0,0,0,0,0,0,0,0,1
217,536.5,61.92,50.3,12.59219959,57.17,69575,1,AT 3250,1.01,1.4,0,70.2,Closed,42.45,81.1,94.6,97,3.08,0
218,182.3,50.26,27.4,3.833205734,49.67,51585,0,0,0,0,0,0,0,0,0,0,0,0,1
219,1706.7,66.68,49.6,13.99660464,60.76,68790,1,AT 7800,1.01,1.4,0,75.9,Closed,43.97,87.5,95.9,97,2.96,0
220,1438.2,33.38,33.6,8.26319345,30.85,55542,0,0,0,0,0,0,0,0,0,0,0,0,1
221,2007.2,61.3,23.3,12.96523113,54.29,49222,0,0,0,0,0,0,0,0,0,0,0,0,1
222,1552.1,37.79,55.2,4.426698234,37.24,74827,0,0,0,0,0,0,0,0,0,0,0,0,1
223,1459.9,59.06,43.8,3.43684427,58.68,63452,1,AT 7800,1.01,1.4,0,77.1,Closed,34.24,86.8,95.7,97,2.62,0
224,385.5,59.52,36.2,11.15030541,55.06,57435,1,AT 2150,1.01,1.4,0,72.4,Closed,34.75,79.7,94.2,97,3.56,0
225,1906.7,43.81,54.7,14.38693862,37.97,74217,0,0,0,0,0,0,0,0,0,0,0,0,1
226,979.2,69.98,43.1,7.525829082,68.11,62903,1,AT 4150,1.01,1.5,0,74.7,Closed,41.68,84.9,95.3,97,3.34,0
227,585.5,27.48,30.2,5.598798576,26.27,53277,0,0,0,0,0,0,0,0,0,0,0,0,1
228,2024.5,41.19,51.5,14.55865829,34.94,70658,0,0,0,0,0,0,0,0,0,0,0,0,1
229,2077.5,45.56,52,11.19691551,41.89,71206,0,0,0,0,0,0,0,0,0,0,0,0,1
230,2221.7,39.06,20.4,11.04590943,33.8,47542,0,0,0,0,0,0,0,0,0,0,0,0,1
231,1540.2,48.98,55.7,10.49699625,45.91,75334,1,AT 7800,1.01,1.4,0,72.5,Closed,34.69,87,95.8,97,2.08,0
232,1159.2,60.96,28.6,8.759807562,57.95,52354,1,AT 6000,1.01,1.6,0,76.4,Closed,30.22,85.7,95.4,97,3.58,0
233,819.9,46.3,57.8,7.53716405,44.76,77882,0,0,0,0,0,0,0,0,0,0,0,0,1
234,1522,57.6,32.9,6.623568865,55.97,55131,1,AT 7800,1.01,1.6,0,78.1,Closed,29.11,86.9,95.7,97,2.94,0
235,1390.2,45.89,49.7,9.86993472,42.94,68889,1,AT 7800,1.01,1.4,0,74.9,Closed,30.25,86.5,95.6,97,2.04,0
236,635.3,59.45,35.2,4.06840043,58.85,56741,1,AT 3250,1.01,1.4,0,73.7,Closed,32.02,81.8,94.8,97,3.25,0
237,772.7,44.03,39.8,3.527530342,43.6,60140,1,AT 4150,1.01,1.4,0,74.5,Closed,25.1,82.7,95,97,2.21,0
238,1475.8,67.26,59.1,6.087129216,66.28,79683,0,0,0,0,0,0,0,0,0,0,0,0,1
239,803,40.82,22.9,4.991289976,39.78,48932,1,AT 6000,1.01,1.4,0,74.2,Closed,18.87,83.9,95,97,2.8,0
240,2195.8,52.15,58.9,6.960369764,50.86,79377,0,0,0,0,0,0,0,0,0,0,0,0,1
241,1048.3,34.76,45.4,5.288913297,33.86,64814,1,AT 6000,1.01,1.4,0,74.9,Closed,21.49,85.2,95.3,97,1.59,0
242,1736,41.66,44.6,4.250303141,41.08,64077,0,0,0,0,0,0,0,0,0,0,0,0,1
243,1511.8,58.84,35.9,8.45113349,56.27,57274,1,AT 7800,1.01,1.4,0,78.1,Closed,31.39,86.9,95.7,97,2.91,0
244,934.9,51.53,44.3,10.79289888,47.76,63845,1,AT 6000,1.01,1.4,0,74.6,Closed,32.26,84.7,95.2,97,2.51,0
245,997.3,68.36,33.5,5.536691392,67.23,55564,1,AT 4150,1.01,2.5,0,75.3,Closed,35.95,85,95.3,97,3.69,0
246,2117.2,32.54,30,9.11864119,29.33,53161,0,0,0,0,0,0,0,0,0,0,0,0,1
247,269.3,51.22,30.8,15.36076233,42.18,53685,1,AT 1500,1.01,1.9,0,69.6,Closed,31.83,78.1,93.8,97,3.91,0
248,1550.3,28.64,48.6,14.73722572,21.99,67742,0,0,0,0,0,0,0,0,0,0,0,0,1
249,1773.2,31.26,27.5,8.93903038,28.09,51620,0,0,0,0,0,0,0,0,0,0,0,0,1
250,1837.5,29.53,48.4,5.22310906,28.69,67532,0,0,0,0,0,0,0,0,0,0,0,0,1
251,1103.9,60.97,44.6,13.86902367,54.76,64116,1,AT 6000,1.01,1.4,0,75.4,Closed,38.69,85.5,95.4,97,2.97,0
252,749.9,46.66,25.9,10.59028329,42.11,50677,0,0,0,0,0,0,0,0,0,0,0,0,1
253,1827.3,63.66,33.2,10.87491261,59.26,55371,0,0,0,0,0,0,0,0,0,0,0,0,1
254,744.6,39.18,54.2,12.00688157,35.08,73633,1,LPT 2000,1.01,1.4,0,126.7,Closed,19.64,82.5,94.9,97,1.26,0
255,2008.9,57.53,43,15.23256342,49.89,62729,0,0,0,0,0,0,0,0,0,0,0,0,1
256,1514.7,68.08,31.4,11.91231596,62.69,54174,1,AT 7800,1.01,1.8,0,77.8,Closed,35.6,86.9,95.7,97,3.79,0
257,277.7,41.55,40.9,14.762779,34.18,61022,1,AT 1500,1.01,1.4,0,69.6,Closed,28.07,78.2,93.8,97,2.58,0
258,1072.7,62.8,30.6,13.38589191,55.93,53619,1,AT 6000,1.01,1.4,0,76.1,Closed,34.01,85.3,95.4,97,3.8,0
259,432.7,41.28,45.2,9.257438697,38.53,64594,1,AT 3250,1.01,1.4,0,71.6,Closed,26.71,80.2,94.3,97,2.15,0
260,2047.8,49.41,26.8,10.61537174,44.89,51239,0,0,0,0,0,0,0,0,0,0,0,0,1
261,1835.3,31.96,29.6,4.463177577,31.19,52911,0,0,0,0,0,0,0,0,0,0,0,0,1
262,2230.2,62.04,59.7,12.38636495,58,80417,0,0,0,0,0,0,0,0,0,0,0,0,1
263,58.3,67.76,53.3,7.692043896,66.06,72737,1,AT 250,1.01,1.4,0,62.1,Closed,48.99,71.4,92.1,97,3.92,0
264,761.8,57.85,41.6,9.693717492,54.7,61601,1,AT 4150,1.01,1.4,0,74.3,Closed,34.72,82.6,95,97,2.96,0
265,1460.6,52.53,34.3,12.23712733,47.04,56113,1,AT 7800,1.01,1.5,0,77.8,Closed,29.24,86.8,95.7,97,2.84,0
266,1886.7,59.38,43.9,14.10045969,52.91,63542,0,0,0,0,0,0,0,0,0,0,0,0,1
267,509.2,37.74,32.3,13.60424455,30.78,54662,1,LPT 2000,1.01,1.4,0,79.1,Closed,22.02,80.9,94.5,97,2.44,0
268,1567.6,57.92,51.4,14.67246996,51.56,70658,1,AT 7800,1.01,1.4,0,74.8,Closed,39.68,87.1,95.8,97,2.58,0
269,1662.3,64.95,37,5.584666796,63.84,58063,1,AT 7800,1.01,1.6,0,78.3,Closed,34.26,87.3,95.8,97,3.07,0
270,726.4,62.15,40.5,9.038029081,59.37,60716,1,AT 3250,1.01,1.4,0,74.1,Closed,36.58,82.4,94.9,97,3.22,0
271,1695,49.5,30.4,12.62328416,43.37,53448,0,0,0,0,0,0,0,0,0,0,0,0,1
272,2214.6,49.3,26.9,14.70887137,40.63,51248,0,0,0,0,0,0,0,0,0,0,0,0,1
273,1116.6,60.52,33.6,5.728832029,59.31,55597,1,AT 6000,1.01,1.4,0,76.1,Closed,31.24,85.5,95.4,97,3.16,0
274,290.9,30.77,34,10.97993777,26.33,55854,1,LPT 1000,1.01,1.4,0,69.4,Closed,19.35,78.4,93.9,97,2.1,0
275,843.7,51.08,60,5.853059079,50.18,80790,0,0,0,0,0,0,0,0,0,0,0,0,1
276,1508.4,46.76,50.5,14.3295406,40.62,69634,1,AT 7800,1.01,1.4,0,75,Closed,32.2,86.9,95.7,97,2.13,0
277,1714.3,67.83,47.6,5.837020184,66.78,66948,1,AT 7800,1.01,1.4,0,76.5,Closed,41.64,87.5,95.9,97,2.91,0
278,2113.4,38.83,34.1,15.10818342,30.43,55884,0,0,0,0,0,0,0,0,0,0,0,0,1
279,499.4,47.26,35.1,13.91065579,40.23,56628,1,AT 3250,1.01,1.4,0,73,Closed,28.86,80.8,94.5,97,2.98,0
280,1408.8,59.56,47.3,13.19382621,54.14,66597,1,AT 7800,1.01,1.4,0,75.9,Closed,38.47,86.6,95.7,97,2.74,0
281,729.8,43.37,53.3,7.43998674,41.78,72598,1,AT 4150,1.01,1.4,0,69.9,Closed,30.19,82.4,94.9,97,2,0
282,600.3,28.92,35.4,8.33021755,26.41,56838,1,AT 4150,1.01,1.4,0,73.2,Closed,17.1,81.6,94.7,97,1.69,0
283,199.2,66.81,26.1,12.60130916,60.39,50807,1,AT 1500,1.01,1.4,0,68.3,Closed,37.03,76.8,93.5,97,5.51,0
284,902.3,31.53,34.8,14.88222089,23.45,56404,1,AT 7800,1.01,1.4,0,74.4,Closed,20.83,84.5,95.2,97,2.03,0
285,481,29.1,56.7,10.80400863,25.9,76492,1,LPT 2000,1.01,1.4,0,69.8,Closed,21.69,80.6,94.5,97,1.37,0
286,671,39.33,36.4,11.18536065,34.85,57518,1,AT 4150,1.01,1.4,0,74,Closed,23.6,82,94.8,97,2.28,0
287,592.7,39.1,26.7,9.001229807,35.85,51120,1,AT 4150,1.01,1.4,0,73.4,Closed,20.56,81.5,94.7,97,2.72,0
288,486.8,34.44,59.2,11.81192795,30.75,79735,1,LPT 2000,1.01,1.4,0,69.2,Closed,26.15,80.7,94.5,97,1.6,0
289,924.1,40.69,52.2,13.48603046,35.37,71412,1,AT 6000,1.01,1.4,0,71.5,Closed,29.08,84.6,95.2,97,1.91,0
290,779.2,47.25,57.2,7.506858344,45.71,77150,1,AT 4150,1.01,1.4,0,68,Closed,34.35,82.7,95,97,2.13,0
291,1046.1,64.9,50,8.926140223,62.5,69270,0,0,0,0,0,0,0,0,0,0,0,0,1
292,1943.1,57.07,34.2,11.97662245,51.8,56011,0,0,0,0,0,0,0,0,0,0,0,0,1
293,297.9,44.81,42,7.953952171,42.7,61881,1,AT 1500,1.01,1.4,0,69.6,Closed,28.13,78.5,93.9,97,2.51,0
294,314.7,57.48,28.4,4.642221123,56.63,52249,1,AT 2150,1.01,2.5,0,71.9,Closed,29.61,78.8,94,97,3.9,0
295,653.5,36.82,48,15.4696036,29.43,67236,1,LPT 2000,1.01,1.4,0,101.4,Closed,22.05,81.9,94.8,97,1.62,0
296,1195.1,48.6,47.9,13.85140383,42.67,67103,1,AT 6000,1.01,1.4,0,74.7,Closed,32.54,85.8,95.5,97,2.3,0
297,708.6,67.7,39.3,8.00423603,65.48,59811,1,AT 3250,1.01,1.4,0,73.9,Closed,38.96,82.3,94.9,97,3.54,0
298,272.9,69.46,53.6,6.47183147,68.26,73061,0,0,0,0,0,0,0,0,0,0,0,0,1
299,1329.3,51.48,38.3,9.712259629,48.19,58976,1,AT 7800,1.01,1.4,0,77.3,Closed,29.17,86.3,95.6,97,2.55,0
300,358.8,52.09,34,6.034660331,50.75,55863,1,AT 2150,1.01,1.4,0,72.2,Closed,28.57,79.4,94.1,97,3.11,0
301,751,52.06,37.6,4.295951513,51.41,58440,1,AT 4150,1.01,1.4,0,74.4,Closed,28.84,82.5,95,97,2.71,0
302,656.9,58.64,31.8,10.84923237,54.19,54385,1,AT 3250,1.01,1.4,0,73.9,Closed,32.04,82,94.8,97,3.6,0
303,1498.8,36.8,21.9,7.858742381,34.18,48377,0,0,0,0,0,0,0,0,0,0,0,0,1
304,482.7,50.96,54.9,12.9933634,46.21,74498,1,AT 3250,1.01,1.4,0,67.7,Closed,37.28,80.6,94.5,97,2.48,0
305,792.7,42.43,27.7,6.147490401,40.93,51753,1,AT 6000,1.01,1.4,0,74.6,Closed,21.12,82.8,95,97,2.64,0
306,1415.9,28.85,34.6,14.37548558,21.3,56231,0,0,0,0,0,0,0,0,0,0,0,0,1
307,1908.5,30.45,21.6,13.50700258,22.68,48185,0,0,0,0,0,0,0,0,0,0,0,0,1
308,462.2,67.37,52.8,4.624755459,66.76,72169,1,AT 2150,1.01,1.4,0,68.4,Closed,46.26,80.4,94.4,97,3.23,0
309,2190.2,36.58,53.1,8.592342982,34.45,72413,0,0,0,0,0,0,0,0,0,0,0,0,1
310,310.2,30.33,37.8,13.67508197,23.76,58575,1,LPT 2000,1.01,1.4,0,69.3,Closed,20.69,78.7,94,97,2.02,0
311,1176,37.1,30.9,6.525798516,35.47,53796,1,AT 7800,1.01,1.4,0,76.6,Closed,19.07,85.8,95.5,97,2.04,0
312,1291.4,57.96,34.2,14.4372874,50.3,56025,1,AT 7800,1.01,1.4,0,77.1,Closed,33.15,86.2,95.6,97,3.27,0
313,87.8,60.65,35.3,4.644876013,59.87,56789,1,AT 425,1.01,1.4,0,65.6,Closed,35.84,73.2,92.5,97,4.17,0
314,954.6,31.46,27.8,15.13923065,22.37,51754,0,0,0,0,0,0,0,0,0,0,0,0,1
315,1858.2,28.06,25.8,4.690680278,27.17,50590,0,0,0,0,0,0,0,0,0,0,0,0,1
316,2056.7,50.27,29.7,13.16280032,43.55,52992,0,0,0,0,0,0,0,0,0,0,0,0,1
317,1667.6,43.3,22.5,13.62188412,35.49,48683,0,0,0,0,0,0,0,0,0,0,0,0,1
318,2010,60.27,39.1,5.157675916,59.35,59609,0,0,0,0,0,0,0,0,0,0,0,0,1
319,1528.1,69.24,41.5,13.03718002,63.53,61541,1,AT 7800,1.01,1.4,0,77.6,Closed,41.04,87,95.8,97,3.32,0
320,163.9,58.44,29.2,6.113576557,56.98,52710,1,AT 875,1.01,1.4,0,67.7,Closed,31.8,76,93.2,97,4.26,0
321,916.5,44.08,20.6,15.29942871,34.02,47684,1,AT 7800,1.01,1.4,0,74.4,Closed,24.81,84.6,95.2,97,4.11,0
322,690.2,36.09,42.3,10.43604808,32.47,62155,1,AT 4150,1.01,1.4,0,73.8,Closed,22.86,82.2,94.9,97,1.9,0
323,1118.7,45.49,58.1,5.969327231,44.53,78271,0,0,0,0,0,0,0,0,0,0,0,0,1
324,1831.7,38.04,49.6,9.662096648,35.21,68746,0,0,0,0,0,0,0,0,0,0,0,0,1
325,888.9,33.77,37.9,6.193005183,32.43,58629,1,AT 6000,1.01,1.4,0,75.1,Closed,19.29,84.4,95.1,97,1.72,0
326,1544.2,29.92,40.1,7.590935985,27.95,60345,0,0,0,0,0,0,0,0,0,0,0,0,1
327,1518.5,54.26,50.2,9.390440816,51.61,69388,1,AT 7800,1.01,1.4,0,75.2,Closed,35.46,86.9,95.7,97,2.36,0
328,1995.2,52.35,46.1,8.555878683,50.03,65495,0,0,0,0,0,0,0,0,0,0,0,0,1
329,776.6,46.17,30.5,7.126686072,44.22,53536,1,AT 4150,1.01,1.4,0,74.5,Closed,23.99,82.7,95,97,2.75,0
330,2039.6,69.42,34.9,3.741221031,68.91,56563,0,0,0,0,0,0,0,0,0,0,0,0,1
331,1570.3,69.62,23.9,10.62398527,64.94,49549,0,0,0,0,0,0,0,0,0,0,0,0,1
332,318,33.89,38.8,12.43808667,28.52,59313,1,LPT 1000,1.01,1.4,0,70.1,Closed,22.26,78.8,94,97,2.12,0
333,1861.3,33.95,44,9.763418478,30.85,63594,0,0,0,0,0,0,0,0,0,0,0,0,1
334,578.1,66.41,29.4,14.55660847,58.17,52877,1,AT 3250,1.01,1.4,0,73.4,Closed,36.99,81.4,94.7,97,4.55,0
335,59.3,44.44,24.8,14.60480441,35.69,50015,0,0,0,0,0,0,0,0,0,0,0,0,1
336,609.6,58.38,33.5,10.75361627,54.09,55529,1,AT 3250,1.01,1.4,0,73.6,Closed,32.58,81.6,94.7,97,3.49,0
337,103.8,47.86,38,15.31648132,39.63,58754,1,AT 875,1.01,1.4,0,65.1,Closed,32.43,74,92.7,97,3.45,0
338,152.4,56.84,32.5,8.808708108,53.93,54850,1,AT 875,1.01,1.4,0,67.4,Closed,32.96,75.7,93.2,97,4,0
339,800,67.79,29.8,11.16587713,62.96,53114,1,AT 4150,1.01,1.7,0,74.4,Closed,35.78,83.8,95,97,4.19,0
340,2095.6,64.46,45.8,3.990984516,63.95,65218,0,0,0,0,0,0,0,0,0,0,0,0,1
341,2265.9,27.16,33.7,7.914419354,24.84,55587,0,0,0,0,0,0,0,0,0,0,0,0,1
342,1597,43.11,42,11.50909799,38.69,61915,0,0,0,0,0,0,0,0,0,0,0,0,1
343,1849.3,30.55,45.8,5.051581818,29.74,65177,0,0,0,0,0,0,0,0,0,0,0,0,1
344,1134.4,54.88,48.7,11.36263657,50.93,67951,1,AT 6000,1.01,1.4,0,74.1,Closed,36.05,85.6,95.4,97,2.52,0
345,1583.7,34.85,28.8,8.816163542,31.81,52394,0,0,0,0,0,0,0,0,0,0,0,0,1
346,1013.5,55.67,23.4,8.141523654,52.91,49251,1,AT 6000,1.01,1.4,0,75.3,Closed,25.94,85.1,95.3,97,3.76,0
347,472.5,50.13,58.7,14.60815945,44.44,79079,1,AT 3250,1.01,1.4,0,65.4,Closed,38.5,80.5,94.4,97,2.41,0
348,155.6,45.83,58.2,14.07719942,40.5,78444,1,AT 875,1.01,1.4,0,64.3,Closed,35.32,75.7,93.2,97,2.39,0
349,1343.9,61.51,31.6,5.653656631,60.3,54274,1,AT 7800,1.01,1.4,0,77.1,Closed,30.43,86.4,95.6,97,3.23,0
350,1992.3,55.43,47.8,8.069060236,53.42,67068,0,0,0,0,0,0,0,0,0,0,0,0,1
351,1314.1,56.27,48.3,10.94884884,52.58,67517,1,AT 6000,1.01,1.4,0,75.1,Closed,36.4,86.3,95.6,97,2.54,0
352,938.6,60.8,46.7,9.30313148,58.08,66025,1,AT 4150,1.01,1.4,0,73.8,Closed,38.5,84.7,95.2,97,2.85,0
353,2101.5,54.79,57.5,8.285735182,52.92,77607,0,0,0,0,0,0,0,0,0,0,0,0,1
354,1564.1,50.58,37.1,11.68071343,45.74,58099,1,AT 7800,1.01,1.6,0,78.3,Closed,28.85,87.1,95.8,97,2.58,0
355,1030.4,40.16,54.2,13.54011233,34.95,73588,1,AT 6000,1.01,1.4,0,71,Closed,29.25,85.1,95.3,97,1.84,0
356,1786.9,54.85,21.2,3.567307504,54.31,48037,0,0,0,0,0,0,0,0,0,0,0,0,1
357,2255.8,45.21,25.2,14.02503998,37.17,50232,0,0,0,0,0,0,0,0,0,0,0,0,1
358,2141.8,53.4,50.4,11.09714598,49.72,69605,0,0,0,0,0,0,0,0,0,0,0,0,1
359,633.3,68.19,59.3,9.382421444,65.86,79867,0,0,0,0,0,0,0,0,0,0,0,0,1
360,2127.3,49.56,57.8,4.506890673,49.01,77979,0,0,0,0,0,0,0,0,0,0,0,0,1
361,1972,42.97,35,13.08218466,36.74,56546,0,0,0,0,0,0,0,0,0,0,0,0,1
362,2035.3,59.26,44.8,14.13657068,52.83,64282,0,0,0,0,0,0,0,0,0,0,0,0,1
363,402.1,63.05,47.8,10.36140934,59.72,67034,1,AT 1500,1.01,2.2,0,69.8,Closed,42.1,79.8,94.2,97,3.27,0
364,1820.1,69.16,31.9,6.273016025,67.67,54526,1,AT 7800,1.01,2.8,0,78.7,Closed,34.4,87.7,95.9,97,3.56,0
365,899,46.88,45.5,11.42043261,42.72,64879,1,AT 6000,1.01,1.4,0,74.1,Closed,30.2,84.5,95.2,97,2.29,0
366,813.5,56.01,25.9,5.746233646,54.67,50679,0,0,0,0,0,0,0,0,0,0,0,0,1
367,2135.2,54.6,36.7,3.724513736,54.1,57834,0,0,0,0,0,0,0,0,0,0,0,0,1
368,1243.3,35.63,38.8,9.140912215,32.73,59368,1,AT 7800,1.01,1.4,0,76.9,Closed,20.89,86,95.5,97,1.79,0
369,143,45.24,51.9,13.05312885,40.25,71135,1,AT 875,1.01,1.4,0,65.9,Closed,32.93,75.4,93.1,97,2.51,0
370,1395,63.01,43.3,12.79210395,57.64,63053,1,AT 6000,1.01,1.5,0,77,Closed,38.5,86.6,95.6,97,3,0
371,222.2,43.59,51,6.795122988,42.22,70196,0,0,0,0,0,0,0,0,0,0,0,0,1
372,1997.9,37.45,54.3,7.208477111,35.98,73698,0,0,0,0,0,0,0,0,0,0,0,0,1
373,1063.4,65.36,28.3,12.77625245,58.93,52149,1,AT 6000,1.01,1.4,0,75.9,Closed,34.06,85.3,95.3,97,4.11,0
374,2178,64.05,45,6.023314672,62.88,64517,0,0,0,0,0,0,0,0,0,0,0,0,1
375,1380.2,49.6,53.5,4.903599729,48.91,72856,1,AT 7800,1.01,1.4,0,73,Closed,33.47,86.5,95.6,97,2.1,0
376,1129.2,49.71,52.6,10.54407459,46.48,71900,1,AT 6000,1.01,1.4,0,72.3,Closed,34.26,85.6,95.4,97,2.22,0
377,62.7,65.17,56.9,7.820030351,63.5,76866,1,AT 350,1.01,1.4,0,60.2,Closed,49.07,71.7,92.2,97,3.66,0
378,619.9,66.07,20.9,10.9370517,60.94,47886,1,AT 4150,1.01,1.4,0,72.7,Closed,31.82,81.7,94.7,97,5.45,0
379,967,43.16,54.4,8.380031755,41.18,73913,1,AT 6000,1.01,1.4,0,70.6,Closed,30.36,84.8,95.2,97,1.91,0
380,89.2,57.32,28,4.883149407,56.38,51960,1,AT 550,1.01,1.4,0,67.7,Closed,30.51,73.3,92.6,97,4.45,0
381,2019.4,53.82,48.4,13.71729346,48.04,67641,0,0,0,0,0,0,0,0,0,0,0,0,1
382,2148.3,46.1,38.1,13.14150205,40.05,58846,0,0,0,0,0,0,0,0,0,0,0,0,1
383,219.8,31.88,43.8,12.46440198,26.81,63349,1,LPT 1000,1.01,1.4,0,68,Closed,22.17,77.2,93.6,97,1.91,0
384,1678.8,52.22,41.6,5.548968939,51.19,61642,1,AT 7800,1.01,1.4,0,78.5,Closed,29.39,87.4,95.9,97,2.33,0
385,38.7,52.56,27.3,13.85670042,44.91,51538,1,AT 250,1.01,1.4,0,60.6,Closed,33.39,69.4,91.6,97,5.34,0
386,700.4,34.95,59.3,10.56874238,31.99,79887,1,LPT 2000,1.01,1.4,0,108.6,Closed,21.43,82.2,94.9,97,1.26,0
387,2096.9,58.65,35.5,12.73124136,52.79,56937,0,0,0,0,0,0,0,0,0,0,0,0,1
388,716.3,48.18,32.4,3.415895094,47.74,54783,1,AT 4150,1.01,1.4,0,74.2,Closed,24.93,82.3,94.9,97,2.71,0
389,926.8,36.68,31,13.55639001,29.67,53819,1,AT 7800,1.01,1.4,0,75.3,Closed,21.99,84.6,95.2,97,2.41,0
390,1759.5,41.31,22.2,10.68539524,36.48,48543,0,0,0,0,0,0,0,0,0,0,0,0,1
391,187.4,29.54,49.7,10.69137521,26.09,68799,1,LPT 1000,1.01,1.4,0,65.3,Closed,21.43,76.5,93.4,97,1.65,0
392,1935.7,68.06,27.9,12.54674204,61.83,51948,0,0,0,0,0,0,0,0,0,0,0,0,1
393,1138.9,58.21,55.3,10.86756279,54.91,74930,1,AT 6000,1.01,1.4,0,70.9,Closed,41.24,85.6,95.4,97,2.55,0
394,883.8,36.28,58.6,6.889311744,35.01,78950,1,AT 6000,1.01,1.4,0,67.7,Closed,26.86,84.4,95.1,97,1.57,0
395,1967.8,42.49,26.2,5.674143238,41.19,50861,0,0,0,0,0,0,0,0,0,0,0,0,1
396,2003.2,66.2,58.5,11.86576557,62.43,78847,0,0,0,0,0,0,0,0,0,0,0,0,1
397,1303,61.74,39.4,12.3011462,56.53,59830,1,AT 6000,1.01,1.5,0,77.2,Closed,36.01,86.2,95.6,97,3.09,0
398,1236.1,46.56,49,11.08099949,42.81,68152,1,AT 7800,1.01,1.4,0,74.5,Closed,30.83,86,95.5,97,2.12,0
399,301.8,54.21,44.7,12.78177354,48.94,64227,1,AT 1500,1.01,1.4,0,69,Closed,36.07,78.6,93.9,97,3.04,0
400,288.5,56.18,47.4,15.02187036,49.16,66719,1,AT 1500,1.01,1.4,0,68,Closed,39.1,78.4,93.9,97,3.13,0
401,828,38.21,56.8,6.366135366,37.1,76632,1,LPT 2000,1.01,1.4,0,162.3,Closed,13.18,84,95.1,97,0.77,0
402,2050.3,69.92,21.9,5.495908362,68.64,48419,0,0,0,0,0,0,0,0,0,0,0,0,1
403,1145.4,61.68,53.6,3.673802596,61.29,73087,1,AT 6000,1.01,1.4,0,71.7,Closed,41.77,85.6,95.4,97,2.66,0
404,1782.3,42.32,41,10.88787457,38.31,61061,0,0,0,0,0,0,0,0,0,0,0,0,1
405,1954.2,36.76,59.7,8.454320178,34.88,80404,0,0,0,0,0,0,0,0,0,0,0,0,1
406,913,47.81,36.5,11.27651723,43.26,57620,1,AT 6000,1.01,1.4,0,75.3,Closed,27.81,84.5,95.2,97,2.61,0
407,1671.9,33.52,54.5,9.222839528,31.12,74005,0,0,0,0,0,0,0,0,0,0,0,0,1
408,1911.8,55.98,32,7.681631203,53.75,54506,0,0,0,0,0,0,0,0,0,0,0,0,1
409,1531.3,63.95,45.5,10.36955175,60.52,64963,1,AT 7800,1.01,1.4,0,76.8,Closed,39.21,87,95.8,97,2.89,0
410,2164,63.42,44.5,6.05948648,62.23,64056,0,0,0,0,0,0,0,0,0,0,0,0,1
411,1136.4,35.79,33.8,6.738883889,34.11,55737,1,AT 7800,1.01,1.4,0,76.4,Closed,19.25,85.6,95.4,97,1.89,0
412,1174.5,46.85,37.3,15.34173252,38.52,58205,1,AT 7800,1.01,1.4,0,76.6,Closed,29.03,85.8,95.5,97,2.63,0
413,959.5,62.33,52.9,13.21391772,57.28,72212,0,0,0,0,0,0,0,0,0,0,0,0,1
414,494,40.2,24.2,12.44818567,33.8,49665,1,AT 4150,1.01,1.4,0,72.6,Closed,22.36,80.7,94.5,97,3.31,0
415,1336.4,54.62,32.7,12.19583143,49.06,54980,1,AT 7800,1.01,1.4,0,77.3,Closed,29.82,86.4,95.6,97,3.06,0
416,797.4,65.27,48.1,8.377225046,63.11,67394,1,AT 4150,1.01,1.4,0,72.4,Closed,42.09,82.8,95,97,3.11,0
417,1478.3,39.3,27.5,7.580548908,37.01,51605,0,0,0,0,0,0,0,0,0,0,0,0,1
418,74.1,34.4,41.5,11.63712273,29.85,61438,1,AT 550,1.01,1.4,0,67.8,Closed,23.11,72.5,92.3,97,2.28,0
419,2168.7,45.17,58.7,14.43077945,39.62,79120,0,0,0,0,0,0,0,0,0,0,0,0,1
420,1359.5,30.52,44.4,6.123185107,29.3,63876,1,AT 7800,1.01,1.4,0,76.6,Closed,18.63,86.4,95.6,97,1.38,0
421,842.6,41.11,21.7,14.08634026,32.68,48269,1,AT 7800,1.01,1.4,0,74.2,Closed,22.94,84.1,95.1,97,3.62,0
422,1825.7,58.75,27.1,10.91091169,54,51422,0,0,0,0,0,0,0,0,0,0,0,0,1
423,1208.3,64.78,22.3,14.85669868,55.47,48649,1,AT 7800,1.01,1.4,0,76.1,Closed,32.8,85.9,95.5,97,4.98,0
424,1032.8,49.93,55.2,12.62022107,45.46,74756,1,AT 6000,1.01,1.4,0,70.5,Closed,36.02,85.1,95.3,97,2.24,0
425,830.7,34.6,38.3,4.158278839,34,58980,1,AT 6000,1.01,1.4,0,74.8,Closed,19.55,84,95.1,97,1.74,0
426,946,27.01,45.9,12.70783223,21.89,65263,1,AT 7800,1.01,1.4,0,73.2,Closed,18.9,84.7,95.2,97,1.38,0
427,1519.2,44.34,54.1,7.901763299,42.56,73497,1,AT 7800,1.01,1.4,0,73.3,Closed,30.49,86.9,95.7,97,1.87,0
428,140,29.22,36.9,8.090128762,26.89,57930,1,LPT 1000,1.01,1.4,0,66.6,Closed,18.51,75.3,93.1,97,1.94,0
429,1937.4,45.98,25.1,10.55761697,41.42,50175,0,0,0,0,0,0,0,0,0,0,0,0,1
430,1254.4,66.77,55.7,6.769813618,65.5,75493,1,AT 6000,1.01,1.4,0,70.8,Closed,46.66,86.1,95.5,97,2.85,0
431,1142.4,32.07,55.2,15.25211621,25.55,74768,1,AT 7800,1.01,1.4,0,70.5,Closed,24.44,85.6,95.4,97,1.49,0
432,552.4,30.72,40.1,15.48499081,22.53,60344,1,AT 4150,1.01,1.4,0,72.4,Closed,21.56,81.2,94.6,97,1.91,0
433,1358.2,38.15,32.4,8.645748404,35.35,54765,0,0,0,0,0,0,0,0,0,0,0,0,1
434,910,33.33,56.2,8.214769432,31.47,75989,1,AT 6000,1.01,1.4,0,69.3,Closed,24.2,84.5,95.2,97,1.47,0
435,478.1,67.9,41.9,12.02623156,63.07,61857,1,AT 2150,1.01,1.4,0,72.5,Closed,41.92,80.6,94.4,97,3.67,0
436,1732.3,29.95,22.1,5.974692884,28.44,48498,0,0,0,0,0,0,0,0,0,0,0,0,1
437,83,56.79,32.6,6.388079138,55.26,54909,1,AT 425,1.01,1.4,0,65.3,Closed,33.08,73,92.5,97,4.17,0
438,106.3,68.9,29.5,5.889230383,67.55,52905,1,AT 550,1.01,1.4,0,65.4,Closed,38.39,74.1,92.8,97,5.28,0
439,1345.1,39.61,51.2,12.8238947,34.74,70339,1,AT 7800,1.01,1.4,0,74,Closed,27.57,86.4,95.6,97,1.8,0
440,228.5,67.01,53.9,10.45811808,63.89,73423,0,0,0,0,0,0,0,0,0,0,0,0,1
441,97.5,31.04,20.3,4.73780898,30.08,47471,1,AT 875,1.01,1.4,0,63.8,Closed,16.46,73.7,92.7,97,3.19,0
442,1700.6,40.06,32.1,9.140353193,36.91,54553,0,0,0,0,0,0,0,0,0,0,0,0,1
443,444.4,52.39,42.8,6.938413362,50.8,62586,1,AT 2150,1.01,1.4,0,72.3,Closed,31.96,80.3,94.4,97,2.73,0
444,2123.3,69.59,57.4,6.406569317,68.48,77454,0,0,0,0,0,0,0,0,0,0,0,0,1
445,2203.4,58.57,51.2,5.351378072,57.73,70458,0,0,0,0,0,0,0,0,0,0,0,0,1
446,976.7,59.25,45.3,7.00699567,57.68,64764,1,AT 4150,1.01,1.4,0,74.5,Closed,36.32,84.9,95.2,97,2.76,0
447,875,66.52,25.6,6.328601614,64.89,50537,0,0,0,0,0,0,0,0,0,0,0,0,1
448,34.8,38.6,54,14.91748077,32.27,73440,1,AT 250,1.01,1.4,0,59.5,Closed,30.15,68.9,91.5,97,2.45,0
449,996.6,28.52,28.7,8.852701197,25.45,52374,0,0,0,0,0,0,0,0,0,0,0,0,1
450,1450.9,34.52,55.8,12.46608976,30.2,75473,0,0,0,0,0,0,0,0,0,0,0,0,1
451,284.5,27.25,41,12.52523004,21.95,61057,1,LPT 1000,1.01,1.4,0,68.7,Closed,18.92,78.4,93.9,97,1.7,0
452,1753.4,27.43,51.6,12.41709568,22.89,70744,0,0,0,0,0,0,0,0,0,0,0,0,1
453,883,29.06,58,13.58949987,24.08,78120,0,0,0,0,0,0,0,0,0,0,0,0,1
454,469.1,33.05,29.6,15.27910184,23.99,52925,1,AT 4150,1.01,1.4,0,72.1,Closed,21.58,80.5,94.4,97,2.62,0
455,1181.3,62.95,43.4,8.661031552,60.49,63113,1,AT 6000,1.01,1.4,0,75.9,Closed,37.58,85.8,95.5,97,2.95,0
456,2143.5,51.39,53.4,12.69146664,46.76,72782,0,0,0,0,0,0,0,0,0,0,0,0,1
457,1726.1,54.38,35.8,6.780908111,52.72,57129,1,AT 7800,1.01,2,0,78.9,Closed,28.7,87.5,95.9,97,2.64,0
458,412.1,59.71,23,12.05731643,53.62,49016,1,AT 3250,1.01,1.4,0,72,Closed,30.75,79.9,94.3,97,4.91,0
459,541.1,53.56,25.5,5.087740129,52.51,50447,1,AT 3250,1.01,1.4,0,73,Closed,25.75,81.1,94.6,97,3.62,0
460,679.2,52.96,53.9,7.614954829,51.3,73297,0,0,0,0,0,0,0,0,0,0,0,0,1
461,1679.9,30.81,58,5.166064697,30.09,78187,0,0,0,0,0,0,0,0,0,0,0,0,1
462,1264.4,27.72,45.6,5.05474689,26.91,64959,1,AT 7800,1.01,1.4,0,75.5,Closed,17.24,86.1,95.5,97,1.24,0
463,284.7,46.5,56.5,12.12935784,42.45,76323,1,AT 1500,1.01,1.4,0,63.6,Closed,35.15,78.4,93.9,97,2.35,0
464,1080.4,54.06,22,9.832215815,49.96,48458,1,AT 7800,1.01,1.4,0,75.5,Closed,25.48,85.4,95.4,97,3.91,0
465,1788.4,60.06,59.4,8.053348757,58.35,80039,1,AT 7800,1.01,1.4,0,71.1,Closed,43.62,87.7,95.9,97,2.44,0
466,2130.1,54.99,32.7,5.800507429,53.73,54981,0,0,0,0,0,0,0,0,0,0,0,0,1
467,761.4,69.67,52.6,5.203913897,68.89,71958,0,0,0,0,0,0,0,0,0,0,0,0,1
468,2216.6,67.45,25.4,14.90619223,58.4,50421,0,0,0,0,0,0,0,0,0,0,0,0,1
469,741.6,35.27,41.9,11.98485875,30.48,61835,1,AT 6000,1.01,1.4,0,74.1,Closed,22.74,82.5,94.9,97,1.9,0
470,2173.4,46.35,51.3,11.92683958,42.15,70471,0,0,0,0,0,0,0,0,0,0,0,0,1
471,74.6,63.25,57.3,13.37988572,58.38,77318,1,AT 425,1.01,1.4,0,57.3,Closed,49.31,72.5,92.4,97,3.6,0
472,1139.7,48.23,30.8,3.819578551,47.67,53750,1,AT 7800,1.01,1.4,0,76.4,Closed,23.77,85.6,95.4,97,2.59,0
473,110.6,59.51,34.9,11.51664267,54.67,56497,1,AT 875,1.01,1.4,0,65.5,Closed,36.8,74.3,92.8,97,4.26,0
474,79.8,36.01,33.7,4.079465913,35.4,55650,1,AT 550,1.01,1.4,0,66.5,Closed,21.01,72.8,92.4,97,2.53,0
475,702.4,64.39,38.4,8.087222212,62.11,59084,1,AT 3250,1.01,1.4,0,73.9,Closed,36.73,82.2,94.9,97,3.41,0
476,324.3,42.67,55.9,13.44845088,37.65,75634,1,AT 2150,1.01,1.4,0,66.2,Closed,32.08,78.9,94,97,2.15,0
477,817.3,57.24,27.5,15.41633023,47.79,51647,0,0,0,0,0,0,0,0,0,0,0,0,1
478,1711.7,68.41,39.1,14.15130056,61.48,59677,1,AT 7800,1.01,1.9,0,78.6,Closed,39.9,87.5,95.9,97,3.4,0
479,256,44.99,46.4,9.355681778,42.22,65700,1,AT 1500,1.01,1.4,0,68,Closed,30.11,77.9,93.7,97,2.46,0
480,1801.4,68.99,54.7,13.27581214,64.02,74333,1,AT 7800,1.01,1.4,0,73.6,Closed,48.11,87.7,95.9,97,2.93,0
481,1634.6,52.72,29.2,12.70220332,46.43,52711,0,0,0,0,0,0,0,0,0,0,0,0,1
482,191.6,38.27,45.2,8.02347707,36.21,64660,1,LPT 1000,1.01,1.4,0,67.4,Closed,25.41,76.6,93.4,97,2.16,0
483,448.5,68.53,50,4.94456607,67.79,69212,1,AT 2150,1.01,1.4,0,69.7,Closed,45.4,80.3,94.4,97,3.35,0
484,2115.6,60.88,52.1,12.73485336,56.14,71439,0,0,0,0,0,0,0,0,0,0,0,0,1
485,25.3,41.75,21.1,10.29258113,37.21,47921,1,AT 250,1.01,1.4,0,57.7,Closed,25.45,67.2,91.1,97,5.42,0
486,1124.2,43.45,43.7,7.429205447,41.65,63317,1,AT 6000,1.01,1.4,0,75.7,Closed,26.29,85.6,95.4,97,2.03,0
487,824.4,63.17,40,8.842725101,60.49,60363,1,AT 4150,1.01,1.4,0,74.6,Closed,36.71,84,95.1,97,3.2,0
488,976,36.36,34.2,15.03739242,28.05,55938,1,AT 7800,1.01,1.4,0,75.6,Closed,23.11,84.9,95.2,97,2.29,0
489,2026.1,37.84,24.3,12.29181878,31.61,49728,0,0,0,0,0,0,0,0,0,0,0,0,1
490,255.1,47.02,40.8,5.401935355,46.04,60963,1,AT 1500,1.01,1.4,0,69.3,Closed,28.69,77.9,93.7,97,2.66,0
491,1426.6,46.99,30.3,3.685894305,46.46,53422,1,AT 7800,1.01,1.4,0,77.7,Closed,22.59,86.7,95.7,97,2.46,0
492,1324.8,33.31,23.7,8.704488842,30.16,49381,0,0,0,0,0,0,0,0,0,0,0,0,1
493,2205.5,56.24,20.7,9.266770025,52.55,47737,0,0,0,0,0,0,0,0,0,0,0,0,1
494,1617.9,38.51,30.1,10.32529499,34.4,53220,0,0,0,0,0,0,0,0,0,0,0,0,1
495,336.5,29.78,52.3,10.18300734,26.76,71487,1,LPT 1000,1.01,1.4,0,66.1,Closed,21.78,79.1,94,97,1.53,0
496,1189.9,61.93,32.6,11.85745667,56.66,54963,1,AT 6000,1.01,1.6,0,76.6,Closed,33.49,85.8,95.5,97,3.48,0
497,1216.2,30.44,57.7,10.34402617,27.54,77784,1,AT 7800,1.01,1.4,0,69.9,Closed,22.71,85.9,95.5,97,1.31,0
498,292.7,64.12,35.1,13.57547633,57.42,56654,1,AT 1500,1.01,1.8,0,69.8,Closed,38.93,78.5,93.9,97,4.2,0
499,2193.5,41.49,20.6,13.70435416,33.41,47647,0,0,0,0,0,0,0,0,0,0,0,0,1
500,233.6,49.33,24.4,13.27282782,42.07,49784,1,AT 1500,1.01,1.5,0,68.8,Closed,28.22,77.5,93.6,97,4.4,0
501,1805.1,42.14,24.9,10.83241574,37.33,50092,0,0,0,0,0,0,0,0,0,0,0,0,1
502,2064.1,56.06,39.5,6.356723438,54.67,59958,0,0,0,0,0,0,0,0,0,0,0,0,1
503,887.1,67.85,34.4,4.80973298,67,56195,1,AT 4150,1.01,1.7,0,74.7,Closed,35.83,84.4,95.1,97,3.61,0
504,1565.3,42.56,32.3,7.352152151,40.53,54725,0,0,0,0,0,0,0,0,0,0,0,0,1
505,2133.4,52.9,47.7,6.797677938,51.46,66931,0,0,0,0,0,0,0,0,0,0,0,0,1
506,1312.5,67.97,58.9,13.15422933,63.37,79354,0,0,0,0,0,0,0,0,0,0,0,0,1
507,1847.4,46.08,45.2,6.054000631,44.9,64647,0,0,0,0,0,0,0,0,0,0,0,0,1
508,101.9,39.76,38.7,10.52570792,35.91,59293,1,AT 875,1.01,1.4,0,65.6,Closed,25.88,73.9,92.7,97,2.69,0
509,1420.2,43.83,43.5,14.92411674,36.54,63180,1,AT 7800,1.01,1.4,0,77.1,Closed,28.52,86.6,95.7,97,2.19,0
510,1112.5,33.97,46.2,15.04111666,26.82,65524,1,AT 7800,1.01,1.4,0,74.6,Closed,23.77,85.5,95.4,97,1.73,0
511,114.2,41.44,40.7,9.012132853,38.69,60839,1,AT 875,1.01,1.4,0,68.3,Closed,26.34,74.4,92.8,97,2.58,0
512,1586.9,53.62,53.3,11.79440186,49.62,72689,1,AT 7800,1.01,1.4,0,74,Closed,36.96,87.1,95.8,97,2.31,0
513,862.6,45.42,57.4,5.117246545,44.71,77480,0,0,0,0,0,0,0,0,0,0,0,0,1
514,1922.9,45.69,58.5,12.74557322,41.34,78814,0,0,0,0,0,0,0,0,0,0,0,0,1
515,1542.6,62.07,29.4,4.661416756,61.22,52830,1,AT 7800,1.01,1.9,0,77.9,Closed,29.43,87,95.8,97,3.32,0
516,1684.8,51.82,49.9,14.22554358,45.73,69085,1,AT 7800,1.01,1.4,0,75.9,Closed,34.95,87.4,95.9,97,2.33,0
517,205.2,28.3,56.6,13.89493061,22.99,76336,1,LPT 1000,1.01,1.4,0,61.8,Closed,22.51,76.9,93.5,97,1.51,0
518,295.8,50.7,53.7,14.49154154,44.69,73128,1,AT 1500,1.01,1.4,0,65.2,Closed,37.63,78.5,93.9,97,2.65,0
519,1687.5,64.62,33,7.16878511,62.7,55217,1,AT 7800,1.01,2.1,0,78.4,Closed,32.78,87.4,95.9,97,3.29,0
520,1793.3,48.63,57,4.104850665,48.17,76929,0,0,0,0,0,0,0,0,0,0,0,0,1
521,351.9,41.83,20,8.280545847,38.87,47374,1,AT 3250,1.01,1.4,0,71.2,Closed,20.5,79.3,94.1,97,3.74,0
522,1630.2,27.78,47.4,12.81514071,22.67,66616,0,0,0,0,0,0,0,0,0,0,0,0,1
523,1267.6,51.77,37.3,14.86034704,43.96,58233,1,AT 7800,1.01,1.4,0,77,Closed,31.22,86.1,95.5,97,2.82,0
524,1896.3,34.12,47.8,12.21267836,29.5,66992,0,0,0,0,0,0,0,0,0,0,0,0,1
525,13.5,54.14,26,10.40377537,49.76,50751,1,AT 95,1.01,1.4,0,35.6,Closed,41.41,62.5,90.4,97,7.87,0
526,1758.7,50.8,51.6,13.50017016,45.44,70860,0,0,0,0,0,0,0,0,0,0,0,0,1
527,1720.3,58.94,32.8,8.033528931,56.53,55094,0,0,0,0,0,0,0,0,0,0,0,0,1
528,1414.9,53.92,46.7,13.65417679,48.07,66064,1,AT 7800,1.01,1.4,0,76.1,Closed,34.98,86.6,95.7,97,2.51,0
529,545.7,62.72,53.6,3.659549619,62.34,72980,1,AT 3250,1.01,1.4,0,68.6,Closed,43.33,81.2,94.6,97,2.95,0
530,165.3,55.4,44.9,3.796905165,54.93,64403,1,AT 875,1.01,1.4,0,67.3,Closed,35.54,76,93.2,97,3.11,0
531,1210.6,51.04,34.7,5.235204006,50.04,56373,1,AT 7800,1.01,1.4,0,76.7,Closed,26.67,85.9,95.5,97,2.58,0
532,281,27.31,46,9.747965836,24.3,65317,1,LPT 1000,1.01,1.4,0,67.8,Closed,18.93,78.3,93.8,97,1.52,0
533,1472.1,63.33,42.6,4.327837724,62.71,62477,1,AT 6000,1.01,1.6,0,77.2,Closed,36.24,86.8,95.7,97,2.85,0
534,1298.5,47.9,51.5,14.03842799,42.09,70723,1,AT 7800,1.01,1.4,0,73.6,Closed,33.37,86.2,95.6,97,2.18,0
535,550.6,61.61,48.1,5.685798474,60.61,67416,1,AT 3250,1.01,1.4,0,71.1,Closed,39.75,81.2,94.6,97,3,0
536,1433.3,36.53,46.6,6.894759623,35.03,65907,1,AT 7800,1.01,1.4,0,76.2,Closed,22.84,86.7,95.7,97,1.62,0
537,511.4,32.68,29.8,4.618953489,31.85,53068,1,LPT 2000,1.01,1.4,0,79.3,Closed,15.73,80.9,94.5,97,1.85,0
538,1259.1,50.33,50.2,10.96630562,46.72,69432,1,AT 6000,1.01,1.4,0,74.1,Closed,33.62,86.1,95.5,97,2.26,0
539,2210.4,40.02,57.1,15.16921323,33.74,77061,0,0,0,0,0,0,0,0,0,0,0,0,1
540,1036.7,33.44,47.6,6.249574511,32.23,66777,1,AT 6000,1.01,1.4,0,74,Closed,21.48,85.2,95.3,97,1.52,0
541,15.7,46.93,51.5,11.14363779,43.27,70751,1,AT 95,1.01,1.4,0,31.7,Closed,40.48,63.9,90.6,97,3.79,0
542,404.3,53.91,38.4,12.49397545,48.46,59087,1,AT 2150,1.01,1.4,0,72.5,Closed,32.9,79.9,94.3,97,3.16,0
543,940.3,55.82,56.2,9.06761596,53.54,75948,0,0,0,0,0,0,0,0,0,0,0,0,1
544,790.1,49.06,52.5,8.885482666,46.76,71762,1,AT 4150,1.01,1.4,0,70.6,Closed,33.84,82.7,95,97,2.28,0
545,1082.2,51.89,43.2,11.47927651,47.56,62887,1,AT 6000,1.01,1.4,0,75.6,Closed,32.06,85.4,95.4,97,2.53,0
546,2088.4,68.48,48.8,7.793511541,66.63,68097,0,0,0,0,0,0,0,0,0,0,0,0,1
547,1810.8,58.81,49.9,5.005487307,58.06,69082,1,AT 7800,1.01,1.4,0,76.3,Closed,37.16,87.7,95.9,97,2.47,0
548,139.7,58.54,37.6,13.77091915,51.86,58497,1,AT 875,1.01,1.4,0,66.9,Closed,37.48,75.3,93.1,97,3.97,0
549,160,44.4,50.8,11.22557836,40.65,70005,1,AT 875,1.01,1.4,0,65.1,Closed,31.82,75.9,93.2,97,2.46,0
550,1283,65.25,48.4,11.56890446,61.14,67633,1,AT 6000,1.01,1.4,0,74.7,Closed,42.23,86.2,95.6,97,2.96,0
551,570.6,59.31,27,4.175320941,58.61,51378,1,AT 3250,1.01,1.4,0,73.3,Closed,28.72,81.3,94.6,97,3.82,0
552,205.5,53.73,49.9,9.157245218,51.2,69155,0,0,0,0,0,0,0,0,0,0,0,0,1
553,1676.4,69.37,56.7,15.3810927,62.87,76633,1,AT 7800,1.01,1.4,0,72.1,Closed,50.18,87.4,95.9,97,2.97,0
554,1101.7,62.49,28.4,14.81339904,53.86,52236,1,AT 6000,1.01,1.6,0,76.2,Closed,33.98,85.5,95.4,97,4.08,0
555,1914.2,57.8,43.6,14.2505816,51.16,63266,0,0,0,0,0,0,0,0,0,0,0,0,1
556,1879.5,64.42,59,6.82555535,63.18,79581,1,AT 7800,1.01,1.4,0,71.4,Closed,46.33,87.9,96,97,2.61,0
557,2187.6,37.12,20.2,9.953484384,32.84,47438,0,0,0,0,0,0,0,0,0,0,0,0,1
558,2080,45.05,50.1,8.770741177,42.74,69321,0,0,0,0,0,0,0,0,0,0,0,0,1
559,1930.9,49.08,51.3,12.94143179,44.13,70513,0,0,0,0,0,0,0,0,0,0,0,0,1
560,1017.5,68.57,25.8,14.62936718,59.89,50624,1,AT 6000,1.01,1.4,0,75.5,Closed,35.82,85.1,95.3,97,4.77,0
561,1067,42.92,31.5,9.658759611,39.38,54196,1,AT 7800,1.01,1.4,0,76,Closed,23.14,85.3,95.3,97,2.47,0
562,1624.3,65.33,29.3,10.01583051,61.43,52806,1,AT 7800,1.01,2.4,0,78.3,Closed,32.66,87.2,95.8,97,3.7,0
563,2237.6,31,47.1,4.932299251,30.24,66391,0,0,0,0,0,0,0,0,0,0,0,0,1
564,839.9,27.65,53.1,8.467762462,25.58,72340,1,AT 6000,1.01,1.4,0,70.1,Closed,19.7,84.1,95.1,97,1.26,0
565,362.8,32.32,59,11.88107493,28.57,79462,1,LPT 1000,1.01,1.4,0,63.2,Closed,25.28,79.4,94.1,97,1.58,0
566,704.4,47.54,24.8,10.1437268,43.32,50033,0,0,0,0,0,0,0,0,0,0,0,0,1
567,1386.5,38.66,57.4,11.00723847,35.37,77461,1,AT 7800,1.01,1.4,0,70.9,Closed,28.4,86.5,95.6,97,1.65,0
568,2085.2,43.92,37.9,4.482139809,43.21,58670,0,0,0,0,0,0,0,0,0,0,0,0,1
569,1246.2,44.32,37.5,6.303087719,42.92,58350,1,AT 7800,1.01,1.4,0,76.9,Closed,24.36,86,95.5,97,2.17,0
570,1464.2,62.18,39.1,14.64482972,54.76,59616,1,AT 7800,1.01,1.4,0,77.9,Closed,36.88,86.8,95.7,97,3.16,0
571,1840.5,64.28,30.1,7.648441554,62.03,53319,0,0,0,0,0,0,0,0,0,0,0,0,1
572,981,42.81,46.1,10.25268931,39.48,65415,1,AT 6000,1.01,1.4,0,74.3,Closed,27.56,84.9,95.3,97,2.04,0
573,860.2,61.06,51.7,8.916428388,58.72,71022,1,AT 4150,1.01,1.4,0,71.3,Closed,41.32,84.2,95.1,97,2.79,0
574,157.8,30.65,58.1,3.614776031,30.3,78261,0,0,0,0,0,0,0,0,0,0,0,0,1
575,240.7,51.02,33.6,11.31582465,46.28,55606,1,AT 1500,1.01,1.4,0,69.2,Closed,30.39,77.6,93.7,97,3.44,0
576,562.2,44.78,55,8.79311799,42.61,74532,0,0,0,0,0,0,0,0,0,0,0,0,1
577,1027.7,31.32,31.1,3.559937997,30.84,53892,1,AT 7800,1.01,1.4,0,75.8,Closed,15.94,85.1,95.3,97,1.69,0
578,430.4,58.24,21.3,7.310757527,55.96,48107,1,AT 3250,1.01,1.4,0,71.9,Closed,27.39,80.1,94.3,97,4.69,0
579,209.3,33.63,24.1,9.545893175,29.86,49578,1,LPT 1000,1.01,1.4,0,68.4,Closed,18.85,77,93.5,97,2.94,0
580,419.8,51.94,28.3,12.39403014,45.89,52164,1,AT 3250,1.01,1.4,0,72.5,Closed,28.81,80,94.3,97,3.73,0
581,746.3,43.19,55.7,12.11472381,39.11,75381,1,AT 4150,1.01,1.4,0,68.7,Closed,31.71,82.5,94.9,97,2.02,0
582,622.2,40.98,54.3,14.21546959,35.25,73723,1,AT 4150,1.01,1.4,0,68.8,Closed,30.34,81.7,94.7,97,2,0
583,1399.8,36.18,50.6,14.94915172,29.52,69745,0,0,0,0,0,0,0,0,0,0,0,0,1
584,410,38.7,59.7,7.177463658,37.35,80322,1,LPT 1000,1.01,1.4,0,64.3,Closed,29.39,79.9,94.3,97,1.81,0
585,1390,68.37,35.6,14.95700876,60.28,57023,1,AT 7800,1.01,1.4,0,77.3,Closed,39.04,86.5,95.6,97,3.7,0
586,1454.3,48.1,34.1,11.7580882,43.01,55930,1,AT 7800,1.01,1.5,0,77.8,Closed,26.81,86.7,95.7,97,2.61,0
587,651.7,64.09,41.3,7.193333764,62.35,61414,1,AT 3250,1.01,1.4,0,73.6,Closed,37.77,81.9,94.8,97,3.28,0
588,2253.6,44.23,31.9,6.733499906,42.51,54433,0,0,0,0,0,0,0,0,0,0,0,0,1
589,1273.8,54.7,44.1,5.590278934,53.68,63728,1,AT 6000,1.01,1.4,0,76.3,Closed,32.4,86.1,95.5,97,2.48,0
590,1538.4,56.91,42.3,11.11775424,52.8,62182,1,AT 7800,1.01,1.4,0,77.9,Closed,33.81,87,95.8,97,2.67,0
591,1383.1,32.94,54.9,7.226781367,31.47,74392,1,AT 7800,1.01,1.4,0,72.3,Closed,23.14,86.5,95.6,97,1.4,0
592,613.5,65.04,37.2,13.43672071,58.64,58180,1,AT 3250,1.01,1.4,0,73.6,Closed,38.59,81.7,94.7,97,3.74,0
593,1086.5,47.62,53.4,5.44190439,46.77,72736,1,AT 6000,1.01,1.4,0,71.7,Closed,32.46,85.4,95.4,97,2.07,0
594,1211.8,34.38,47,3.63373079,33.97,66244,1,AT 7800,1.01,1.4,0,75.1,Closed,21.41,85.9,95.5,97,1.52,0
595,1098.9,69.22,58.2,10.23603378,66.41,78560,1,AT 6000,1.01,1.4,0,68.6,Closed,50.57,85.4,95.4,97,2.99,0
596,1185.4,40.67,37.4,11.25648062,36.19,58319,1,AT 7800,1.01,1.4,0,76.6,Closed,23.98,85.8,95.5,97,2.15,0
597,1242.1,60.2,51.1,10.64097551,56.84,70314,1,AT 6000,1.01,1.4,0,73.5,Closed,40.26,86,95.5,97,2.68,0
598,922.1,66.9,54.5,4.754496144,66.26,74067,1,AT 4150,1.01,1.4,0,69.9,Closed,46.27,84.6,95.2,97,2.95,0
599,415.7,47.07,31.3,13.24337795,40.4,54015,1,AT 3250,1.01,1.4,0,72.5,Closed,27.64,80,94.3,97,3.23,0
600,1163.8,38.39,36.5,6.257691309,36.99,57662,1,AT 7800,1.01,1.4,0,76.5,Closed,21.1,85.7,95.4,97,1.93,0
601,597.3,40.97,45.9,4.815992561,40.23,65252,1,AT 3250,1.01,1.4,0,72.3,Closed,25.78,81.5,94.7,97,2,0
602,1722.5,53.86,34.3,4.259639062,53.2,56091,0,0,0,0,0,0,0,0,0,0,0,0,1
603,632.1,48.93,46,7.422300434,47.19,65407,1,AT 3250,1.01,1.4,0,72.5,Closed,31.01,81.8,94.8,97,2.41,0
604,735.4,45.92,36.2,12.24954366,40.54,57437,1,AT 4150,1.01,1.4,0,74.3,Closed,27.36,82.4,94.9,97,2.66,0
605,1448.3,66.94,32.1,7.744210113,64.68,54608,1,AT 7800,1.01,1.4,0,77.4,Closed,33.7,86.7,95.7,97,3.51,0
606,2269.8,33.17,48,5.138299651,32.35,67192,0,0,0,0,0,0,0,0,0,0,0,0,1
607,2107.3,53.18,58.8,8.49535641,51.26,79231,0,0,0,0,0,0,0,0,0,0,0,0,1
608,225.4,61.71,38.7,14.05787101,54.84,59289,1,AT 1100,1.01,1.6,0,69,Closed,39.18,77.3,93.6,97,3.9,0
609,1251.5,29.3,55.4,13.18393366,24.44,74983,0,0,0,0,0,0,0,0,0,0,0,0,1
610,1411.4,42.85,24.3,4.44998098,42.04,49717,0,0,0,0,0,0,0,0,0,0,0,0,1
611,1321.3,37.7,58.4,13.17444172,33.05,78698,1,AT 7800,1.01,1.4,0,70,Closed,28.48,86.3,95.6,97,1.63,0
612,110.3,30.66,28.4,15.12075996,21.66,52142,1,LPT 1000,1.01,1.4,0,64.5,Closed,21.3,74.2,92.8,97,2.97,0
613,2244,55.5,42.9,5.90187507,54.35,62705,0,0,0,0,0,0,0,0,0,0,0,0,1
614,2015.1,37.4,28.9,8.964897511,34.25,52511,0,0,0,0,0,0,0,0,0,0,0,0,1
615,318.8,53.29,24.1,13.41949633,45.84,49650,1,AT 2150,1.01,1.4,0,71.6,Closed,29.13,78.8,94,97,4.51,0
616,992.9,62.62,27.6,6.507519476,60.94,51759,1,AT 6000,1.01,1.4,0,75.4,Closed,30.11,85,95.3,97,3.73,0
617,300.4,31.56,24.5,14.34493468,23.09,49809,1,LPT 2000,1.01,1.4,0,68.8,Closed,20.3,78.6,93.9,97,3.06,0
618,1633.1,43.64,25,12.12037474,37.63,50152,0,0,0,0,0,0,0,0,0,0,0,0,1
619,1002.4,43.7,31.4,10.92769211,39.17,54082,1,AT 7800,1.01,1.4,0,75.7,Closed,24.08,85,95.3,97,2.6,0
620,1070.3,36.46,48.2,9.585869122,33.63,67369,1,AT 6000,1.01,1.4,0,74,Closed,24.11,85.3,95.4,97,1.69,0
621,2045.6,28.21,22,9.560899567,24.34,48428,0,0,0,0,0,0,0,0,0,0,0,0,1
622,1407.4,28.15,20.7,12.89297834,21.01,47707,0,0,0,0,0,0,0,0,0,0,0,0,1
623,236.4,48.57,20.8,6.554270926,46.72,47819,1,AT 1500,1.01,1.5,0,68.3,Closed,24.09,77.6,93.7,97,4.38,0
624,1119.8,69.12,37,8.951445249,66.28,58097,1,AT 6000,1.01,1.4,0,75.9,Closed,38.11,85.5,95.4,97,3.52,0
625,739.1,39.69,26.9,5.255898676,38.59,51290,0,0,0,0,0,0,0,0,0,0,0,0,1
626,1091.6,44.58,43,7.142216206,42.9,62765,1,AT 6000,1.01,1.4,0,75.7,Closed,26.67,85.4,95.4,97,2.1,0
627,126.2,60.32,26.8,9.249046853,56.89,51227,1,AT 875,1.01,1.4,0,66.2,Closed,33.45,74.8,92.9,97,4.98,0
628,1763.2,57.72,23.4,4.551944522,56.86,49249,0,0,0,0,0,0,0,0,0,0,0,0,1
629,754.7,35.9,52.6,8.314096146,33.89,71908,1,LPT 2000,1.01,1.4,0,131.4,Closed,15.67,82.6,95,97,1.02,0
630,2156.3,34.09,20.2,8.131618818,31.23,47418,0,0,0,0,0,0,0,0,0,0,0,0,1
631,333.6,44.49,42.6,9.964600978,41.2,62398,1,AT 2150,1.01,1.4,0,71.7,Closed,28.11,79,94,97,2.45,0
632,146.3,62.29,25.3,10.76629594,57.56,50364,1,AT 875,1.01,1.4,0,69.3,Closed,33.23,75.5,93.1,97,5.19,0
633,688.4,64.16,38.5,12.36318706,58.83,59156,1,AT 3250,1.01,1.4,0,74,Closed,38.03,82.2,94.9,97,3.53,0
634,63.3,53.5,40.3,4.207344563,52.9,60523,1,AT 350,1.01,1.4,0,65.1,Closed,33.47,71.8,92.2,97,3.49,0
635,1985.7,49.75,38.5,12.97762146,43.88,59166,0,0,0,0,0,0,0,0,0,0,0,0,1
636,1256.7,44.5,49.7,10.0108994,41.48,68929,1,AT 7800,1.01,1.4,0,74.3,Closed,29.53,86.1,95.5,97,2,0
637,1431.7,28.77,23,7.079826408,26.67,48973,0,0,0,0,0,0,0,0,0,0,0,0,1
638,734.2,42.47,42.4,8.780891453,39.92,62244,1,AT 4150,1.01,1.4,0,74,Closed,26.05,82.4,94.9,97,2.16,0
639,1973.8,56.38,22.4,7.547097222,53.98,48691,0,0,0,0,0,0,0,0,0,0,0,0,1
640,868.7,38.91,20.4,6.180323092,37.26,47571,1,AT 7800,1.01,1.4,0,74.1,Closed,17.76,84.3,95.1,97,2.93,0
641,1192,39.97,48.9,8.360285958,37.84,68083,1,AT 7800,1.01,1.4,0,74.3,Closed,26.14,85.8,95.5,97,1.8,0
642,1659.4,42.02,59.8,12.17551509,38.12,80519,0,0,0,0,0,0,0,0,0,0,0,0,1
643,1049.1,36.14,33.4,11.0562606,31.6,55400,1,AT 7800,1.01,1.4,0,76,Closed,20.86,85.2,95.3,97,2.1,0
644,2179.7,63.34,46.1,12.68288981,58.25,65506,0,0,0,0,0,0,0,0,0,0,0,0,1
645,867.6,67.68,43.4,8.048571591,65.55,63140,1,AT 4150,1.01,1.4,0,74.2,Closed,40.76,84.3,95.1,97,3.27,0
646,1105.5,38.26,47.9,10.43138581,34.9,67129,1,AT 6000,1.01,1.4,0,74.3,Closed,25.3,85.5,95.4,97,1.78,0
647,172.2,52.59,36.8,13.59121878,46.01,57848,1,AT 1100,1.01,1.4,0,68,Closed,33.43,76.2,93.3,97,3.55,0
648,51.7,36.41,31.2,6.982269789,34.56,53952,0,0,0,0,0,0,0,0,0,0,0,0,1
649,1122.7,48.7,46.3,12.16662044,44.03,65605,1,AT 6000,1.01,1.4,0,74.9,Closed,31.54,85.6,95.4,97,2.31,0
650,1310.2,37.02,38.5,11.83544964,32.14,59097,1,AT 7800,1.01,1.4,0,77.2,Closed,22.43,86.3,95.6,97,1.93,0
651,2013.4,57.04,24.6,4.052961826,56.37,49930,0,0,0,0,0,0,0,0,0,0,0,0,1
652,1230.5,68.31,40.3,7.731676086,66.27,60624,1,AT 6000,1.01,1.4,0,76.4,Closed,38.74,86,95.5,97,3.27,0
653,1926.5,34.02,59.6,6.995749497,32.73,80164,0,0,0,0,0,0,0,0,0,0,0,0,1
654,1285.6,51.63,24.7,13.63226476,44,50004,0,0,0,0,0,0,0,0,0,0,0,0,1
655,1588.8,54.31,43.2,5.475337644,53.32,62908,1,AT 7800,1.01,1.4,0,77.9,Closed,31.34,87.1,95.8,97,2.41,0
656,572,57.38,53.2,6.858448269,56.02,72542,1,AT 3250,1.01,1.4,0,69.1,Closed,39.72,81.4,94.6,97,2.71,0
657,2257.3,67.98,22.2,10.39049266,63.42,48581,0,0,0,0,0,0,0,0,0,0,0,0,1
658,1709.6,65.48,35,3.939446299,64.92,56619,1,AT 7800,1.01,2,0,78.4,Closed,33.42,87.5,95.9,97,3.16,0
659,1481,32.75,38.9,8.409554383,30.3,59411,0,0,0,0,0,0,0,0,0,0,0,0,1
660,1055,27.95,24.5,8.976261599,24.64,49808,0,0,0,0,0,0,0,0,0,0,0,0,1
661,312.9,31.14,38.2,12.40531596,25.76,58853,1,LPT 2000,1.01,1.4,0,69.6,Closed,20.67,78.8,94,97,1.99,0
662,624.2,30.27,52.7,11.84583843,26.21,71959,1,LPT 2000,1.01,1.4,0,92,Closed,19.47,81.7,94.7,97,1.3,0
663,118,39.89,28.2,12.38044368,33.84,52042,1,AT 875,1.01,1.4,0,68.5,Closed,23.93,74.5,92.9,97,3.36,0
664,239.3,65.87,55.2,11.69914927,62.04,74796,0,0,0,0,0,0,0,0,0,0,0,0,1
665,835.9,52.66,50.8,11.94380558,48.42,69978,1,AT 4150,1.01,1.4,0,71.7,Closed,36.08,84.1,95.1,97,2.47,0
666,1600.2,60.49,47.5,15.05891903,53.45,66790,1,AT 7800,1.01,1.4,0,76.6,Closed,39.56,87.2,95.8,97,2.78,0
667,1493,29.87,48.5,14.28171102,23.61,67670,0,0,0,0,0,0,0,0,0,0,0,0,1
668,1699.1,36.04,31.8,11.99407461,30.6,54378,0,0,0,0,0,0,0,0,0,0,0,0,1
669,2232.2,60.21,27,5.823809585,58.85,51352,0,0,0,0,0,0,0,0,0,0,0,0,1
670,515.4,28.01,25.8,11.33491169,22.8,50575,0,0,0,0,0,0,0,0,0,0,0,0,1
671,606.5,40.74,60,15.13466557,34.74,80700,1,AT 4150,1.01,1.4,0,65.4,Closed,32.02,81.6,94.7,97,1.92,0
672,1484.3,51.45,54.8,12.20782871,47.25,74358,1,AT 7800,1.01,1.4,0,72.8,Closed,36.37,86.8,95.7,97,2.22,0
673,1307.2,48.52,55.9,3.494484344,48.18,75634,1,AT 7800,1.01,1.4,0,71.4,Closed,33.79,86.3,95.6,97,2.04,0
674,1645.4,32.82,48.5,12.84636968,27.76,67701,0,0,0,0,0,0,0,0,0,0,0,0,1
675,967.7,40.33,55.5,10.08884454,37.49,75175,1,AT 6000,1.01,1.4,0,70,Closed,29.09,84.8,95.2,97,1.79,0
676,1535.7,56.67,28,4.695006683,55.8,51981,0,0,0,0,0,0,0,0,0,0,0,0,1
677,956.4,60.56,40.4,5.192995253,59.64,60632,1,AT 4150,1.01,1.6,0,75.3,Closed,34.5,84.8,95.2,97,2.94,0
678,724.1,53.01,40.3,12.64522302,47.56,60552,1,AT 4150,1.01,1.4,0,74.2,Closed,32.55,82.4,94.9,97,2.87,0
679,2170.3,48.33,22.3,13.7837331,40.31,48590,0,0,0,0,0,0,0,0,0,0,0,0,1
680,1512.9,33.01,55.1,7.097182812,31.59,74617,0,0,0,0,0,0,0,0,0,0,0,0,1
681,1366.2,55.37,53.8,14.07329908,49.71,73184,1,AT 7800,1.01,1.4,0,72.8,Closed,39.12,86.5,95.6,97,2.45,0
682,1791.5,64.74,48,7.75753766,62.88,67235,1,AT 7800,1.01,1.4,0,76.8,Closed,40.2,87.7,95.9,97,2.78,0
683,848.8,35.94,37.7,14.45217837,28.59,58521,1,AT 6000,1.01,1.4,0,74.9,Closed,23.25,84.2,95.1,97,2.11,0
684,1040.4,37.59,59.1,10.12264666,34.87,79621,0,0,0,0,0,0,0,0,0,0,0,0,1
685,991.2,32.56,27.2,5.299382769,31.44,51430,1,AT 7800,1.01,1.4,0,75.6,Closed,16.03,84.9,95.3,97,1.95,0
686,539,48.38,35.3,5.925325775,47.11,56816,1,AT 3250,1.01,1.4,0,73.2,Closed,26.72,81.1,94.6,97,2.72,0
687,873.2,61.83,48.4,12.87012409,56.74,67693,1,AT 4150,1.01,1.4,0,72.9,Closed,41.02,84.3,95.1,97,2.95,0
688,1611.4,62.93,34.5,14.50931305,55.23,56260,1,AT 7800,1.01,2,0,78.4,Closed,35.58,87.2,95.8,97,3.43,0
689,491.6,55.22,39.6,10.49133635,51.43,59988,1,AT 3250,1.01,1.4,0,73,Closed,33.17,80.7,94.5,97,3.05,0
690,1580.9,35.04,54,6.545806627,33.82,73390,0,0,0,0,0,0,0,0,0,0,0,0,1
691,533.2,58.16,27.8,12.75798032,51.72,51865,1,AT 3250,1.01,1.4,0,73.1,Closed,31.59,81.1,94.6,97,4.11,0
692,471.9,43.27,21,13.00395728,36.02,47878,1,AT 4150,1.01,1.4,0,72,Closed,23.57,80.5,94.4,97,4.05,0
693,906.3,54.02,28.7,5.87604275,52.67,52385,1,AT 6000,1.01,2.3,0,75.2,Closed,27.01,84.5,95.2,97,3.23,0
694,132.4,56.51,38.7,9.028164134,53.67,59322,1,AT 875,1.01,1.4,0,68.5,Closed,34.57,75,93,97,3.56,0
695,1917.9,52.02,23.2,14.78054522,42.9,49112,0,0,0,0,0,0,0,0,0,0,0,0,1
696,1528.8,46.03,56.4,13.96187289,40.66,76209,1,AT 7800,1.01,1.4,0,72.1,Closed,33.7,87,95.8,97,1.99,0
697,1355.5,27.9,58.3,10.63664609,24.86,78532,0,0,0,0,0,0,0,0,0,0,0,0,1
698,1001.3,32.65,44.7,12.34320108,27.73,64130,1,AT 7800,1.01,1.4,0,74.8,Closed,21.75,85,95.3,97,1.64,0
699,1088.7,39.16,49.3,4.911634448,38.43,68452,1,AT 6000,1.01,1.4,0,73.6,Closed,25.34,85.4,95.4,97,1.74,0
700,596.3,58.05,41,7.10783383,56.34,61162,1,AT 3250,1.01,1.4,0,73.5,Closed,34.24,81.5,94.7,97,3.01,0
701,2017.3,37.32,46.3,6.097619405,36.15,65631,0,0,0,0,0,0,0,0,0,0,0,0,1
702,1646.6,63.89,26.5,4.412756677,63.11,51057,0,0,0,0,0,0,0,0,0,0,0,0,1
703,641.6,39.49,51.7,10.28051808,36.38,70891,1,LPT 2000,1.01,1.4,0,96.9,Closed,23.12,81.9,94.8,97,1.58,0
704,1127.4,59.11,34.8,11.4368756,54.34,56444,1,AT 6000,1.01,1.4,0,76.3,Closed,32.76,85.6,95.4,97,3.2,0
705,1607.2,52.32,33.3,7.27836223,50.35,55397,1,AT 7800,1.01,1.9,0,78.4,Closed,26.97,87.2,95.8,97,2.67,0
706,519.2,46.22,20.3,9.396308991,42.41,47519,1,AT 4150,1.01,1.4,0,72.2,Closed,22.63,80.9,94.5,97,3.99,0
707,91.1,50.19,30.3,4.546151704,49.39,53379,1,AT 550,1.01,1.4,0,65,Closed,28.45,73.4,92.6,97,3.82,0
708,1818.7,65.59,38.2,5.804856391,64.41,58964,1,AT 7800,1.01,2.1,0,78.8,Closed,35.25,87.7,95.9,97,3.05,0
709,2213,65.87,54.6,14.19692248,60.17,74165,0,0,0,0,0,0,0,0,0,0,0,0,1
710,1640.2,55.71,55.1,4.140770001,55.23,74701,1,AT 7800,1.01,1.4,0,73.2,Closed,38.01,87.3,95.8,97,2.3,0
711,260.3,59.65,30.5,9.600002592,56.11,53527,1,AT 1500,1.01,1.4,0,69.5,Closed,33.24,78,93.8,97,4.14,0
712,638.3,40.8,47,6.595576727,39.44,66310,1,AT 4150,1.01,1.4,0,72.2,Closed,26.25,81.8,94.8,97,1.98,0
713,2198.6,65.7,21.6,7.24918445,63.47,48263,0,0,0,0,0,0,0,0,0,0,0,0,1
714,1614.3,54.12,29.1,4.724115598,53.25,52666,0,0,0,0,0,0,0,0,0,0,0,0,1
715,1765,65.19,26.4,6.879446669,63.29,50994,0,0,0,0,0,0,0,0,0,0,0,0,1
716,83.6,48.81,56.9,14.63899072,42.95,76854,1,AT 550,1.01,1.4,0,58,Closed,38.43,73,92.5,97,2.79,0
717,1497.4,33.69,35.7,13.96728002,26.65,57021,0,0,0,0,0,0,0,0,0,0,0,0,1
718,1629.4,49.81,23.1,7.98368316,47.14,49058,0,0,0,0,0,0,0,0,0,0,0,0,1
719,1203.6,51.27,55.3,9.697980325,48.64,74969,1,AT 6000,1.01,1.4,0,71.3,Closed,36.22,85.9,95.5,97,2.22,0
720,1749.4,34.63,29.7,9.112181429,31.42,53013,0,0,0,0,0,0,0,0,0,0,0,0,1
721,694.6,65.76,57,14.74051515,59.82,77018,0,0,0,0,0,0,0,0,0,0,0,0,1
722,1652.4,63.69,56.7,4.585842025,63.11,76684,1,AT 7800,1.01,1.4,0,72,Closed,44.45,87.3,95.8,97,2.62,0
723,2240.8,36.45,52.4,11.10997729,32.86,71659,0,0,0,0,0,0,0,0,0,0,0,0,1
724,895.1,49.46,43.8,7.633360476,47.56,63461,1,AT 4150,1.01,1.4,0,74.5,Closed,30.12,84.4,95.1,97,2.37,0
725,422.2,48.91,59.2,14.32203076,43.47,79720,0,0,0,0,0,0,0,0,0,0,0,0,1
726,2246.6,55.15,32.5,11.34584657,50.32,54854,0,0,0,0,0,0,0,0,0,0,0,0,1
727,251.2,48.32,31.6,7.872105038,45.98,54251,1,AT 1500,1.01,1.4,0,69.4,Closed,27.17,77.8,93.7,97,3.25,0
728,1010.3,33.57,44.8,11.73230702,29.13,64236,1,AT 7800,1.01,1.4,0,74.9,Closed,22.11,85,95.3,97,1.66,0
729,1156.2,52.67,54.6,9.230223545,50.27,74177,1,AT 6000,1.01,1.4,0,71.4,Closed,36.83,85.7,95.4,97,2.3,0
730,1405.9,59.76,36.5,13.32253903,53.42,57667,1,AT 7800,1.01,1.4,0,77.6,Closed,34.12,86.6,95.7,97,3.14,0
731,489.2,53.7,25.4,3.426012608,53.22,50383,1,AT 3250,1.01,1.4,0,72.7,Closed,25.58,80.7,94.5,97,3.63,0
732,192.9,28.27,21.7,6.703065025,26.36,48224,1,LPT 1000,1.01,1.4,0,67.4,Closed,15.09,76.7,93.4,97,2.59,0
733,2105.7,44.28,40.6,8.739065222,41.69,60778,0,0,0,0,0,0,0,0,0,0,0,0,1
734,963.6,62.58,45.1,11.57992579,58.28,64573,1,AT 4150,1.01,1.4,0,74.4,Closed,39.33,84.8,95.2,97,3.01,0
735,507.4,56.13,59.8,14.72380127,50.43,80493,1,AT 3250,1.01,1.4,0,64.9,Closed,43.33,80.8,94.5,97,2.65,0
736,2078.6,68.21,20.5,11.30421109,62.7,47644,0,0,0,0,0,0,0,0,0,0,0,0,1
737,2156.8,55.75,54.1,8.42487829,53.73,73554,0,0,0,0,0,0,0,0,0,0,0,0,1
738,1607.9,58.87,59.4,7.489257983,57.39,79982,1,AT 7800,1.01,1.4,0,70.5,Closed,42.84,87.2,95.8,97,2.41,0
739,1393,57.96,46.2,15.40112204,50.47,65564,1,AT 7800,1.01,1.4,0,76.2,Closed,37.84,86.5,95.6,97,2.76,0
740,1742.6,46.7,57.7,4.359169876,46.18,77775,0,0,0,0,0,0,0,0,0,0,0,0,1
741,2119.6,60.12,49.4,13.07326756,54.94,68622,0,0,0,0,0,0,0,0,0,0,0,0,1
742,1547.9,37.81,36.1,6.581242267,36.26,57343,0,0,0,0,0,0,0,0,0,0,0,0,1
743,2192.8,49.38,35.2,9.675326254,45.99,56732,0,0,0,0,0,0,0,0,0,0,0,0,1
744,2176.2,59.99,27.3,15.18741296,50.79,51508,0,0,0,0,0,0,0,0,0,0,0,0,1
745,2186,67.51,49.1,14.18442049,61.39,68376,0,0,0,0,0,0,0,0,0,0,0,0,1
746,1452,68.64,26,12.65961382,62.15,50749,1,AT 7800,1.01,2,0,77.4,Closed,34.2,86.7,95.7,97,4.4,0
747,764.3,34.16,39.2,9.489921371,31.04,59622,1,AT 6000,1.01,1.4,0,74.5,Closed,20.74,82.6,95,97,1.84,0
748,1556.2,63.08,47.3,10.27628588,59.79,66643,1,AT 7800,1.01,1.4,0,76.3,Closed,39.6,87,95.8,97,2.8,0
749,584.1,45.63,59.5,9.570904054,43.21,80115,0,0,0,0,0,0,0,0,0,0,0,0,1
750,1717.8,31.65,42.2,13.40650152,25.66,62025,0,0,0,0,0,0,0,0,0,0,0,0,1
751,871.4,51.66,57.6,7.510729375,50.13,77749,0,0,0,0,0,0,0,0,0,0,0,0,1
752,353.1,50.08,25.2,6.503851237,48.35,50295,0,0,0,0,0,0,0,0,0,0,0,0,1
753,1810.2,28.73,45.7,14.99834191,21.57,65052,0,0,0,0,0,0,0,0,0,0,0,0,1
754,629.4,29.81,38.9,14.01374202,23,59379,1,AT 4150,1.01,1.4,0,72.9,Closed,20.19,81.8,94.8,97,1.82,0
755,676.1,68.24,55.4,3.762318471,67.84,75085,1,AT 3250,1.01,1.4,0,68.1,Closed,48.05,82.1,94.8,97,3.12,0
756,2099.2,35.46,25.3,10.46220553,31,50281,0,0,0,0,0,0,0,0,0,0,0,0,1
757,429.1,61.35,58.7,11.77680661,57.65,79095,1,AT 2150,1.01,1.4,0,65.1,Closed,46.22,80.1,94.3,97,2.92,0
758,211.9,50.35,21.1,7.802409357,47.75,47971,1,AT 1500,1.01,1.4,0,68,Closed,25.47,77.1,93.5,97,4.61,0
759,1961.3,28.09,31,7.654314559,25.85,53801,0,0,0,0,0,0,0,0,0,0,0,0,1
760,1578.7,50.18,26.1,3.884363574,49.57,50814,0,0,0,0,0,0,0,0,0,0,0,0,1
761,987.9,61.46,46.9,6.484071947,60.14,66216,1,AT 4150,1.01,1.4,0,73.9,Closed,38.41,84.9,95.3,97,2.82,0
762,1897.7,27.62,40.6,8.112941921,25.39,60728,0,0,0,0,0,0,0,0,0,0,0,0,1
763,2248.8,42.24,32.2,7.039847759,40.37,54631,0,0,0,0,0,0,0,0,0,0,0,0,1
764,581.6,60.91,56.9,7.825741764,59.23,76839,1,AT 3250,1.01,1.4,0,67,Closed,44.2,81.4,94.7,97,2.82,0
765,389.1,47.12,22.8,14.48065328,38.32,48870,1,AT 3250,1.01,1.4,0,71.9,Closed,26.64,79.7,94.2,97,4.29,0
766,1971.1,30.18,58.2,10.26332963,27.35,78340,0,0,0,0,0,0,0,0,0,0,0,0,1
767,365.6,56.36,45.3,9.9795495,53.17,64783,1,AT 1500,1.01,1.9,0,70,Closed,36.73,79.4,94.1,97,3.02,0
768,1669.8,56.43,54.4,6.346366222,55.29,73892,1,AT 7800,1.01,1.4,0,73.7,Closed,38.32,87.4,95.9,97,2.35,0
769,696.4,45.6,48.2,10.20869232,42.39,67433,1,AT 4150,1.01,1.4,0,72,Closed,30.31,82.2,94.9,97,2.23,0
770,646.7,62.83,48.7,5.636941922,61.86,67949,1,AT 3250,1.01,1.4,0,71.4,Closed,40.69,81.9,94.8,97,3.01,0
771,1397.2,59.03,49.3,15.34681533,51.89,68547,1,AT 7800,1.01,1.4,0,75.1,Closed,39.82,86.6,95.6,97,2.72,0
772,399,39.67,36.2,9.099667119,36.7,57380,1,AT 3250,1.01,1.4,0,72.4,Closed,23.36,79.8,94.2,97,2.35,0
773,160.5,35.49,56,4.974048761,34.8,75727,0,0,0,0,0,0,0,0,0,0,0,0,1
774,1333.3,57.4,27.1,8.725645286,54.36,51404,1,AT 7800,1.01,1.4,0,77.2,Closed,27.59,86.4,95.6,97,3.4,0
775,1867.3,58.11,59.5,7.886164555,56.47,80133,0,0,0,0,0,0,0,0,0,0,0,0,1
776,1553.8,60.11,40.2,4.010885004,59.56,60512,1,AT 7800,1.01,1.4,0,78,Closed,32.97,87,95.8,97,2.73,0
777,466.5,45.73,54.3,13.92041053,40.23,73799,1,AT 3250,1.01,1.4,0,67.9,Closed,33.68,80.5,94.4,97,2.27,0
778,1249.4,62.35,42.9,14.75593145,55.17,62699,1,AT 6000,1.01,1.4,0,76.5,Closed,38.86,86.1,95.5,97,3.07,0
779,1704.3,62.52,20.7,6.644773139,60.62,47773,0,0,0,0,0,0,0,0,0,0,0,0,1
780,67.3,38.07,53.8,11.77248646,34.11,73192,1,AT 425,1.01,1.4,0,63.2,Closed,28.52,72,92.2,97,2.2,0
781,370.6,63.25,35.6,3.473336049,62.81,57070,1,AT 2150,1.01,2.9,0,72.2,Closed,35.4,79.5,94.2,97,3.7,0
782,169.7,47.68,51.1,9.440926582,45.04,70300,1,AT 875,1.01,1.4,0,64.6,Closed,33.9,76.1,93.3,97,2.6,0
783,1039.2,60.62,42.8,9.076847079,57.9,62651,1,AT 6000,1.01,1.4,0,75.4,Closed,36.24,85.2,95.3,97,2.9,0
784,731.6,29.4,26,3.533730244,28.89,50690,1,AT 6000,1.01,1.4,0,74.1,Closed,14.32,82.4,94.9,97,1.87,0
785,2150.2,36.31,56.5,8.402867442,34.37,76248,0,0,0,0,0,0,0,0,0,0,0,0,1
786,355.8,35.75,52.9,13.5494574,30.45,72227,1,LPT 1000,1.01,1.4,0,66.5,Closed,26.65,79.3,94.1,97,1.86,0
787,722.7,49.21,53.9,13.30508984,44.16,73338,1,AT 4150,1.01,1.4,0,69.6,Closed,35.5,82.4,94.9,97,2.34,0
788,1402,30.99,35.5,5.709004505,29.81,56868,0,0,0,0,0,0,0,0,0,0,0,0,1
789,1925.8,39.79,39,7.381966642,37.9,59474,0,0,0,0,0,0,0,0,0,0,0,0,1
790,1322.5,53.22,38,8.15127214,50.88,58739,1,AT 7800,1.01,1.4,0,77.2,Closed,29.52,86.3,95.6,97,2.6,0
791,1486.9,49.67,55.6,10.83845255,46.39,75306,1,AT 7800,1.01,1.4,0,72.3,Closed,35.22,86.8,95.7,97,2.12,0
792,1341.9,50.83,47.1,15.15433133,43.66,66377,1,AT 7800,1.01,1.4,0,75.7,Closed,33.91,86.4,95.6,97,2.42,0
793,212.9,64.7,26.3,5.03876407,63.68,50953,1,AT 1500,1.01,1.4,0,68.5,Closed,33.26,77.1,93.5,97,4.87,0
794,2029.4,58.99,22.3,8.332955913,56.06,48644,0,0,0,0,0,0,0,0,0,0,0,0,1
795,1785.4,43.23,45.6,14.84498642,36.21,64950,0,0,0,0,0,0,0,0,0,0,0,0,1
796,650.7,40.89,46.4,5.91657294,39.79,65741,1,AT 4150,1.01,1.4,0,72.4,Closed,25.98,81.9,94.8,97,1.98,0
797,1167.2,63.76,33.3,12.56749782,57.9,55431,1,AT 6000,1.01,1.4,0,76.5,Closed,34.95,85.7,95.4,97,3.57,0
798,686.3,29.35,53.2,9.742407602,26.62,72441,1,LPT 2000,1.01,1.4,0,107.3,Closed,16.69,82.1,94.9,97,1.08,0
799,1350.9,65.67,40.1,13.64570099,59.31,60378,1,AT 6000,1.01,1.6,0,77.2,Closed,38.97,86.4,95.6,97,3.28,0
800,2160.1,44.91,49.5,8.902584027,42.51,68664,0,0,0,0,0,0,0,0,0,0,0,0,1
801,901.6,52.78,38,9.616839193,49.53,58767,1,AT 4150,1.01,1.6,0,75.2,Closed,30.43,84.5,95.2,97,2.76,0
802,931.2,69.55,42.4,6.690086963,68.06,62287,1,AT 4150,1.01,1.4,0,74.6,Closed,40.91,84.6,95.2,97,3.35,0
803,450.3,31.38,36.6,4.674550771,30.6,57679,1,LPT 2000,1.01,1.4,0,74.3,Closed,17.62,80.3,94.4,97,1.71,0
804,1988.3,57.75,31.8,11.53850143,52.72,54367,0,0,0,0,0,0,0,0,0,0,0,0,1
805,1571.5,44.63,43.5,7.154583685,42.96,63136,1,AT 7800,1.01,1.4,0,77.7,Closed,26.38,87.1,95.8,97,2,0
806,1220.4,69.7,35.8,12.31524963,64.24,57200,1,AT 6000,1.01,1.4,0,76.4,Closed,38.87,85.9,95.5,97,3.69,0
807,2140.1,31.1,23.8,7.969691593,28.46,49433,0,0,0,0,0,0,0,0,0,0,0,0,1
808,529.8,28.17,42.5,6.532971148,26.75,62278,1,LPT 2000,1.01,1.4,0,80.6,Closed,16.43,81,94.6,97,1.36,0
809,2002.5,58.49,44.5,3.8600073,58,64081,0,0,0,0,0,0,0,0,0,0,0,0,1
810,2268.5,59.85,30,14.53751889,51.69,53232,0,0,0,0,0,0,0,0,0,0,0,0,1
811,937,67.17,54.6,4.335078248,66.64,74134,1,AT 4150,1.01,1.4,0,69.9,Closed,46.46,84.7,95.2,97,2.96,0
812,1901.2,37.89,58.4,13.93442676,32.69,78615,0,0,0,0,0,0,0,0,0,0,0,0,1
813,1108.4,35.82,26.6,6.816412191,33.95,51063,0,0,0,0,0,0,0,0,0,0,0,0,1
814,1707.1,43.97,52.7,11.01689709,40.45,72030,0,0,0,0,0,0,0,0,0,0,0,0,1
815,794.9,51.96,48.7,11.46129286,47.94,67881,1,AT 4150,1.01,1.4,0,72.4,Closed,34.68,82.8,95,97,2.52,0
816,1877.4,43.86,29.1,4.707774997,42.99,52630,0,0,0,0,0,0,0,0,0,0,0,0,1
817,244.6,69.04,54.9,15.28601001,62.46,74487,0,0,0,0,0,0,0,0,0,0,0,0,1
818,2022.1,65.96,36.3,4.603103809,65.2,57550,0,0,0,0,0,0,0,0,0,0,0,0,1
819,877.4,55.29,30.3,12.1608087,49.6,53419,0,0,0,0,0,0,0,0,0,0,0,0,1
820,524.1,45.28,37.2,10.65648572,41.25,58160,1,AT 3250,1.01,1.4,0,73.1,Closed,26.98,81,94.5,97,2.61,0
821,709.8,31.25,50.5,6.28435938,30.07,69702,1,LPT 2000,1.01,1.4,0,116.3,Closed,14.74,82.3,94.9,97,1,0
822,263.9,67.09,47.4,8.691924368,64.74,66701,0,0,0,0,0,0,0,0,0,0,0,0,1
823,1239.9,29.41,59.6,4.894250656,28.78,80199,1,AT 7800,1.01,1.4,0,68.9,Closed,21.79,86,95.5,97,1.22,0
824,801.5,35.7,23.5,13.77154344,27.8,49246,1,AT 7800,1.01,1.4,0,74.2,Closed,20.7,83.9,95,97,3.01,0
825,328.2,66.23,42.1,4.31466289,65.61,62063,1,AT 1500,1.01,1.5,0,69.7,Closed,40.37,79,94,97,3.61,0
826,856.5,64,52.3,9.923783475,61.13,71621,1,AT 4150,1.01,1.4,0,70.9,Closed,43.8,84.2,95.1,97,2.93,0
827,348.5,28.62,52.1,13.34398172,23.41,71271,1,LPT 2000,1.01,1.4,0,66.1,Closed,21.66,79.2,94.1,97,1.52,0
828,738.1,64.57,31.7,12.03935867,59.08,54337,1,AT 4150,1.01,1.4,0,74.2,Closed,35.32,82.5,94.9,97,3.96,0
829,1189,60.42,32.9,9.212951253,57.26,55177,1,AT 6000,1.01,1.4,0,76.6,Closed,31.71,85.8,95.5,97,3.26,0
830,1638.7,37.98,35.9,10.74175215,33.83,57196,0,0,0,0,0,0,0,0,0,0,0,0,1
831,785.5,32.09,54.8,15.19856273,25.58,74256,1,AT 6000,1.01,1.4,0,68.9,Closed,24.56,82.7,95,97,1.57,0
832,1349.5,47.18,28.1,10.17388216,43.09,52004,0,0,0,0,0,0,0,0,0,0,0,0,1
833,464.8,29.67,45.7,5.949461383,28.54,65101,1,LPT 2000,1.01,1.4,0,74.1,Closed,18.75,80.5,94.4,97,1.46,0
834,1621.3,41.65,30.2,15.17712749,32.78,53310,0,0,0,0,0,0,0,0,0,0,0,0,1
835,2234.5,28.59,52.1,12.04935538,24.35,71311,0,0,0,0,0,0,0,0,0,0,0,0,1
836,231.1,30.13,50.9,14.46400334,23.91,70069,1,LPT 1000,1.01,1.4,0,65.3,Closed,22.92,77.5,93.6,97,1.7,0
837,825.7,69.8,34.6,6.440786429,68.29,56347,1,AT 4150,1.01,1.4,0,74.4,Closed,37.26,84,95.1,97,3.76,0
838,1290.2,41.98,21.4,14.57900781,32.92,48088,0,0,0,0,0,0,0,0,0,0,0,0,1
839,369.6,38.93,49.2,9.29082311,36.31,68336,1,LPT 1000,1.01,1.4,0,68.5,Closed,26.77,79.5,94.2,97,2,0
840,879.3,63.78,38.6,3.989112668,63.23,59259,1,AT 4150,1.01,1.4,0,74.8,Closed,35.38,84.3,95.1,97,3.18,0
841,2163.2,59.37,39.4,10.41107525,55.63,59824,0,0,0,0,0,0,0,0,0,0,0,0,1
842,719.4,56.65,21.3,15.44970697,46.46,48048,0,0,0,0,0,0,0,0,0,0,0,0,1
843,666.7,33.85,21.4,6.212807449,32.2,48111,1,AT 6000,1.01,1.4,0,73.2,Closed,16.13,82,94.8,97,2.6,0
844,442.7,64.36,49,15.00820291,57.49,68227,1,AT 2150,1.01,1.4,0,70.3,Closed,44.26,80.3,94.4,97,3.34,0
845,2147.5,50.51,34.7,7.766011467,48.31,56332,0,0,0,0,0,0,0,0,0,0,0,0,1
846,1620.4,66.84,39,5.734968598,65.7,59568,1,AT 7800,1.01,1.4,0,78,Closed,36.25,87.2,95.8,97,3.1,0
847,1004.1,69.34,45.4,11.32666975,65.24,64856,1,AT 4150,1.01,1.5,0,74.3,Closed,43.49,85,95.3,97,3.31,0
848,1093,33.24,58.5,13.10414469,28.64,78824,1,AT 7800,1.01,1.4,0,68.9,Closed,25.46,85.4,95.4,97,1.47,0
849,380.1,37.17,41.2,7.778476345,35.13,61223,1,LPT 1000,1.01,1.4,0,71.2,Closed,23.05,79.6,94.2,97,2.04,0
850,1065.2,56.93,52.4,8.301524417,54.92,71694,1,AT 6000,1.01,1.4,0,72.1,Closed,38.56,85.3,95.3,97,2.52,0
851,408.1,43.73,48.3,7.062859703,42.19,67494,1,AT 2150,1.01,1.4,0,70.4,Closed,28.89,79.9,94.3,97,2.19,0
852,1575.7,40.14,34.9,6.849227535,38.43,56507,0,0,0,0,0,0,0,0,0,0,0,0,1
853,1575.5,42.58,25.1,7.024895406,40.56,50203,0,0,0,0,0,0,0,0,0,0,0,0,1
854,1889.7,50.64,51.8,10.66592037,47.3,71020,0,0,0,0,0,0,0,0,0,0,0,0,1
855,1590,40.37,34.8,11.29204603,35.71,56374,0,0,0,0,0,0,0,0,0,0,0,0,1
856,1796.1,42.36,47.6,3.75848524,41.92,66832,0,0,0,0,0,0,0,0,0,0,0,0,1
857,1443.3,53.05,28.8,13.74661408,45.65,52479,0,0,0,0,0,0,0,0,0,0,0,0,1
858,117,30.38,43.6,10.95633111,26.45,63217,1,AT 875,1.01,1.4,0,64.9,Closed,21.21,74.5,92.9,97,1.92,0
859,127.9,29.11,41.4,12.83069144,23.58,61392,1,LPT 1000,1.01,1.4,0,65.5,Closed,20.59,74.9,93,97,1.95,0
860,341.7,61.26,35.6,15.25840392,52.85,57029,1,AT 2150,1.01,1.4,0,72.1,Closed,37.37,79.1,94.1,97,3.93,0
861,1165.1,49.9,37,7.674441645,47.81,57998,1,AT 6000,1.01,1.4,0,76.5,Closed,27.53,85.7,95.4,97,2.51,0
862,274.2,41.17,39.9,11.4092771,36.71,60199,1,AT 1500,1.01,1.4,0,69.6,Closed,26.4,78.2,93.8,97,2.48,0
863,1200.2,63.63,58.3,13.22923281,58.94,78653,1,AT 6000,1.01,1.4,0,69.4,Closed,46.99,85.9,95.5,97,2.76,0
864,1842.8,31.8,21.2,11.07253494,26.55,47954,0,0,0,0,0,0,0,0,0,0,0,0,1
865,567.4,48.16,44.1,10.19610727,44.78,63725,1,AT 3250,1.01,1.4,0,72.7,Closed,30.54,81.3,94.6,97,2.49,0
866,243.6,54.41,47.7,8.707052096,52.06,66976,0,0,0,0,0,0,0,0,0,0,0,0,1
867,1276.9,55.51,46.5,15.32375878,48.12,65877,1,AT 6000,1.01,1.4,0,75.6,Closed,36.61,86.2,95.5,97,2.66,0
868,605.4,65.51,55.8,8.235009825,63.62,75549,1,AT 3250,1.01,1.4,0,67.7,Closed,46.9,81.6,94.7,97,3.05,0
869,1649.1,67.13,51,10.06268262,64.12,70264,1,AT 7800,1.01,1.4,0,74.9,Closed,44.11,87.3,95.8,97,2.89,0
870,858.1,29.99,32.7,13.02603942,23.65,54959,1,AT 7800,1.01,1.4,0,74.2,Closed,18.88,84.2,95.1,97,1.95,0
871,1502.3,35.67,43.5,13.47917904,29.73,63139,0,0,0,0,0,0,0,0,0,0,0,0,1
872,1682,42.07,35.9,8.642461914,39.38,57177,0,0,0,0,0,0,0,0,0,0,0,0,1
873,2110.6,27.91,50.3,12.8576429,22.96,69440,0,0,0,0,0,0,0,0,0,0,0,0,1
874,2032.4,69.85,37.8,5.268530112,68.87,58659,1,AT 7800,1.01,2.9,0,79.3,Closed,37.31,88.2,96.1,97,3.25,0
875,2082.8,37.19,23.6,7.479114974,34.87,49340,0,0,0,0,0,0,0,0,0,0,0,0,1
876,775.1,41.86,29.5,6.920220778,40,52866,0,0,0,0,0,0,0,0,0,0,0,0,1
877,950,53.26,24.6,15.43623582,43.47,49932,1,AT 6000,1.01,1.4,0,75.2,Closed,29.42,84.7,95.2,97,4.1,0
878,865.5,49.19,44.8,10.1644835,45.86,64328,1,AT 4150,1.01,1.4,0,74.1,Closed,31,84.3,95.1,97,2.39,0
879,1653.1,56.55,44.1,9.933994852,53.34,63693,1,AT 7800,1.01,1.4,0,77.9,Closed,33.93,87.3,95.8,97,2.55,0
880,1983.3,29.26,21.5,14.58863108,20.19,48107,0,0,0,0,0,0,0,0,0,0,0,0,1
881,611.6,28.4,57.1,6.948537252,27.08,76976,1,LPT 2000,1.01,1.4,0,87.2,Closed,18.79,81.6,94.7,97,1.15,0
882,1905.2,66.47,27.9,15.06940916,57.48,51915,0,0,0,0,0,0,0,0,0,0,0,0,1
883,986.6,35.58,28.7,11.55707713,30.35,52362,1,AT 7800,1.01,1.4,0,75.6,Closed,19.97,84.9,95.3,97,2.34,0
884,1025.9,52.85,31.1,4.415432302,52.11,53920,1,AT 6000,1.01,1.4,0,75.8,Closed,26.35,85.1,95.3,97,2.88,0
885,1444.6,69.29,29.1,14.68856618,60.86,52650,1,AT 7800,1.01,1.8,0,77.6,Closed,36.82,86.7,95.7,97,4.25,0
886,515,47.97,50.5,6.678438187,46.64,69704,1,AT 3250,1.01,1.4,0,70.1,Closed,32.28,80.9,94.5,97,2.32,0
887,952,43.63,22.6,5.551441632,42.33,48756,1,AT 7800,1.01,1.4,0,74.9,Closed,19.9,84.7,95.2,97,2.97,0
888,1437.4,33.14,43.3,7.201424331,31.44,62977,0,0,0,0,0,0,0,0,0,0,0,0,1
889,1558.4,39.82,57.1,6.171065679,38.78,77061,0,0,0,0,0,0,0,0,0,0,0,0,1
890,1507.4,34.35,42.2,12.58407939,29.08,62067,0,0,0,0,0,0,0,0,0,0,0,0,1
891,2262.2,39.43,39.2,14.3566582,32.31,59652,0,0,0,0,0,0,0,0,0,0,0,0,1
892,2206.8,66.17,52.5,5.013962921,65.44,71892,0,0,0,0,0,0,0,0,0,0,0,0,1
893,926.5,29.62,51.9,5.384396839,28.77,71051,1,AT 6000,1.01,1.4,0,71.6,Closed,20.19,84.6,95.2,97,1.31,0
894,1845.2,36.62,42.7,4.270922279,36.01,62450,0,0,0,0,0,0,0,0,0,0,0,0,1
895,1374.9,61.13,39.8,5.699701513,60.02,60189,1,AT 6000,1.01,1.5,0,77.3,Closed,33.9,86.5,95.6,97,2.86,0
896,589.4,62.22,36.1,6.379386307,60.76,57371,1,AT 3250,1.01,1.4,0,73.4,Closed,34.38,81.5,94.7,97,3.43,0
897,1171.1,52.8,50.6,8.205582486,50.79,69824,1,AT 6000,1.01,1.4,0,73.5,Closed,34.88,85.8,95.5,97,2.34,0
898,1874.6,39.22,55.5,12.26687052,35.02,75098,0,0,0,0,0,0,0,0,0,0,0,0,1
899,340,48.25,35.3,11.13536559,43.75,56785,1,AT 2150,1.01,1.4,0,72.1,Closed,28.5,79.1,94.1,97,3,0
900,2138.2,27.75,37.4,11.21640528,23.31,58235,0,0,0,0,0,0,0,0,0,0,0,0,1
901,2059.8,53.76,50.7,13.11744207,48.63,69874,0,0,0,0,0,0,0,0,0,0,0,0,1
902,498.4,44.15,50.3,8.537585812,41.97,69460,1,AT 3250,1.01,1.4,0,70,Closed,30.03,80.8,94.5,97,2.17,0
903,1740,30.07,21.8,10.507572,25.38,48277,0,0,0,0,0,0,0,0,0,0,0,0,1
904,248.1,30.86,45,9.410399926,28.01,64442,1,LPT 1000,1.01,1.4,0,68.4,Closed,20.85,77.8,93.7,97,1.73,0
905,2093.2,44.74,30.9,3.89525136,44.16,53793,0,0,0,0,0,0,0,0,0,0,0,0,1
906,1982.1,60.73,42.3,13.52359775,54.64,62149,0,0,0,0,0,0,0,0,0,0,0,0,1
907,2122,42.62,57.2,8.530344483,40.64,77223,0,0,0,0,0,0,0,0,0,0,0,0,1
908,1728.1,64.64,47.2,13.98361232,58.54,66505,1,AT 7800,1.01,1.4,0,77.1,Closed,41.39,87.5,95.9,97,2.92,0
909,92.6,54.55,23.4,8.678159805,51.42,49269,1,AT 875,1.01,1.4,0,64,Closed,30.03,73.5,92.6,97,5.22,0
910,2070.1,31.63,59.6,3.965793376,31.21,80241,0,0,0,0,0,0,0,0,0,0,0,0,1
911,1752,57.15,53,3.831678148,56.73,72331,1,AT 7800,1.01,1.4,0,74.7,Closed,37.72,87.6,95.9,97,2.36,0
912,1012,37.01,46.6,7.99354106,35,65887,1,AT 6000,1.01,1.4,0,74.3,Closed,23.68,85,95.3,97,1.72,0
913,1494.3,31.99,57.6,8.22591263,30.16,77614,0,0,0,0,0,0,0,0,0,0,0,0,1
914,1488.6,46.47,32.2,8.5997029,43.68,54661,0,0,0,0,0,0,0,0,0,0,0,0,1
915,1900.3,27.1,36.6,9.880287722,23.62,57690,0,0,0,0,0,0,0,0,0,0,0,0,1
916,758.7,66.59,28.9,14.17668572,58.73,52550,1,AT 4150,1.01,1.6,0,74.4,Closed,36.39,82.6,95,97,4.47,0
917,1215.5,67.55,21.8,13.35466897,59.98,48366,1,AT 7800,1.01,1.4,0,75.9,Closed,32.78,85.9,95.5,97,5.09,0
918,1979.3,54.29,41.7,5.23833739,53.38,61719,0,0,0,0,0,0,0,0,0,0,0,0,1
919,20.5,47.7,55.9,15.37561684,41.14,75573,0,0,0,0,0,0,0,0,0,0,0,0,1
920,1148.2,32.47,22.9,14.69883093,23.41,48892,0,0,0,0,0,0,0,0,0,0,0,0,1
921,1197.3,50.04,40,4.389543648,49.38,60311,1,AT 6000,1.01,1.4,0,76.7,Closed,27.97,85.9,95.5,97,2.35,0
922,2152.7,48.78,42,5.325004711,47.83,61957,0,0,0,0,0,0,0,0,0,0,0,0,1
923,1664.5,46.31,27.1,9.6350218,42.6,51414,0,0,0,0,0,0,0,0,0,0,0,0,1
924,417.8,43.54,32.1,11.95183065,38.16,54585,1,AT 3250,1.01,1.4,0,72.5,Closed,25.43,80,94.3,97,2.89,0
925,345.4,49.24,28.1,14.93597282,40.44,52025,0,0,0,0,0,0,0,0,0,0,0,0,1
926,475.4,55.86,23.8,14.65676694,46.95,49490,1,AT 3250,1.01,1.4,0,72.5,Closed,30.7,80.6,94.4,97,4.7,0
927,1600.6,34.82,49.5,4.827472156,34.12,68621,0,0,0,0,0,0,0,0,0,0,0,0,1
928,1955.6,34.55,52.3,12.2248162,30.19,71580,0,0,0,0,0,0,0,0,0,0,0,0,1
929,1300.4,57.63,45.3,3.589140267,57.22,64739,1,AT 6000,1.01,1.4,0,76.1,Closed,34.41,86.2,95.6,97,2.56,0
930,1373.5,47.58,33.3,13.94143769,40.36,55355,1,AT 7800,1.01,1.4,0,77.5,Closed,27.45,86.5,95.6,97,2.75,0
931,1222,32.63,37.6,4.284013844,31.98,58463,1,AT 7800,1.01,1.4,0,76.8,Closed,17.98,85.9,95.5,97,1.57,0
932,2103.9,69.87,24.1,7.29144222,67.67,49685,0,0,0,0,0,0,0,0,0,0,0,0,1
933,1595.3,58.29,29.7,5.885806964,56.95,53051,0,0,0,0,0,0,0,0,0,0,0,0,1
934,1853.8,32.36,39.3,10.09624494,28.85,59690,0,0,0,0,0,0,0,0,0,0,0,0,1
935,1946.7,49.11,30.9,7.23416736,47.11,53776,0,0,0,0,0,0,0,0,0,0,0,0,1
936,1149.1,54.5,36.4,7.720971165,52.36,57568,1,AT 6000,1.01,1.4,0,76.4,Closed,29.72,85.7,95.4,97,2.76,0
937,31.7,51.13,24,5.760411597,49.75,49579,1,AT 250,1.01,1.4,0,58.8,Closed,29.51,68.4,91.4,97,5.44,0
938,1883.3,40.45,41.6,4.090452657,39.89,61578,0,0,0,0,0,0,0,0,0,0,0,0,1
939,1945.6,46.64,36,6.568817036,45.09,57298,0,0,0,0,0,0,0,0,0,0,0,0,1
940,1561.6,45.49,36.7,12.91029528,39.55,57777,1,AT 7800,1.01,1.7,0,78.3,Closed,26.74,87.1,95.8,97,2.41,0
941,1319.6,69.09,52.9,9.853655395,66.28,72281,1,AT 6000,1.01,1.4,0,72.6,Closed,46.91,86.3,95.6,97,3.01,0
942,379.1,27.55,37.7,9.531747817,24.35,58482,1,LPT 2000,1.01,1.4,0,70.7,Closed,17.45,79.6,94.2,97,1.67,0
943,2201.2,31.19,43.9,7.315543269,29.44,63448,0,0,0,0,0,0,0,0,0,0,0,0,1
944,1658.7,47.5,43.1,7.36387208,45.71,62797,1,AT 7800,1.01,1.4,0,78.2,Closed,27.79,87.3,95.8,97,2.13,0
945,2127.9,55.04,39,6.65929889,53.5,59571,0,0,0,0,0,0,0,0,0,0,0,0,1
946,31.3,53.61,22.5,4.867478151,52.62,48744,1,AT 250,1.01,1.4,0,58.6,Closed,30.35,68.4,91.4,97,5.98,0
947,22.7,38.98,53.2,4.773553635,38.32,72536,1,AT 250,1.01,1.4,0,53.9,Closed,29.67,66.5,91,97,2.55,0
948,337.1,38.46,36,12.88490274,32.49,57238,1,LPT 1000,1.01,1.4,0,70.4,Closed,24.46,79.1,94.1,97,2.51,0
949,1022.3,68.82,25.5,9.949571752,64.8,50493,1,AT 6000,1.01,1.4,0,75.3,Closed,33.27,85.1,95.3,97,4.47,0
950,2075.2,62.89,29.9,13.67302962,55.66,53188,0,0,0,0,0,0,0,0,0,0,0,0,1
951,377.3,41.61,43.7,6.079330878,40.41,63334,1,AT 2150,1.01,1.4,0,71.7,Closed,25.86,79.6,94.2,97,2.17,0
952,440.1,38.42,20.5,12.07218504,32.15,47608,1,LPT 2000,1.01,1.4,0,72.8,Closed,20.61,80.2,94.4,97,3.62,0
953,457.8,47.16,44.2,9.773065248,44.06,63786,1,AT 3250,1.01,1.4,0,72,Closed,30.01,80.4,94.4,97,2.48,0
954,43.8,35.93,23.7,13.01558995,28.88,49342,0,0,0,0,0,0,0,0,0,0,0,0,1
955,121.7,46.79,33.1,3.911760046,46.22,55254,1,AT 875,1.01,1.4,0,66.5,Closed,26.86,74.7,92.9,97,3.22,0
956,713.5,46.6,28,10.71973823,42.06,51973,0,0,0,0,0,0,0,0,0,0,0,0,1
957,833.9,27.37,33.8,7.25686992,25.43,55696,1,AT 7800,1.01,1.4,0,74.3,Closed,15.55,84.1,95.1,97,1.54,0
958,674.2,31.76,20,7.842866444,29.1,47333,1,AT 6000,1.01,1.4,0,73,Closed,15.59,82.1,94.8,97,2.68,0
959,662.9,32.29,25.5,6.752360305,30.43,50433,1,AT 6000,1.01,1.4,0,73.7,Closed,16.35,82,94.8,97,2.22,0
960,46.8,59.81,23.7,11.44525828,54.37,49440,1,AT 350,1.01,1.4,0,63.9,Closed,33.98,70.4,91.8,97,6.17,0
961,913.5,32.39,52,14.82585682,25.95,71156,1,AT 6000,1.01,1.4,0,71.1,Closed,24.01,84.5,95.2,97,1.57,0
962,668.8,58.7,45.6,4.563801834,58.04,65067,1,AT 3250,1.01,1.4,0,72.7,Closed,36.28,82,94.8,97,2.85,0
963,2250.5,37.56,46.9,3.448811333,37.19,66189,0,0,0,0,0,0,0,0,0,0,0,0,1
964,28.9,52.28,20.2,9.816192439,48.11,47476,1,AT 250,1.01,1.4,0,57.9,Closed,30.69,67.9,91.3,97,6.79,0
965,387.1,61.23,48.6,8.832219449,58.84,67850,1,AT 1500,1.01,1.8,0,69.1,Closed,40.97,79.7,94.2,97,3.14,0
966,1525.2,33.81,46.5,7.402420025,32.09,65807,0,0,0,0,0,0,0,0,0,0,0,0,1
967,495.9,39.37,44,14.23104821,32.79,63559,1,LPT 2000,1.01,1.4,0,77.1,Closed,25.82,80.7,94.5,97,2.12,0
968,2228.2,64.23,46.7,12.95717968,58.96,66038,0,0,0,0,0,0,0,0,0,0,0,0,1
969,893.9,41.91,22.1,6.664805055,40.03,48492,1,AT 7800,1.01,1.4,0,74.5,Closed,19.48,84.4,95.1,97,2.98,0
970,361.4,32.86,38.1,3.784664049,32.36,58809,1,LPT 2000,1.01,1.4,0,70.9,Closed,19.26,79.4,94.1,97,1.84,0
971,265.8,45.34,22.6,5.145322438,44.23,48799,1,AT 2150,1.01,1.4,0,71.1,Closed,21.77,78.1,93.8,97,3.59,0
972,346.2,68.79,39.6,9.797013732,65.49,60040,1,AT 1500,1.01,2.1,0,70.1,Closed,41.93,79.2,94.1,97,3.97,0
973,1966.6,37.36,41.8,4.96547132,36.54,61717,0,0,0,0,0,0,0,0,0,0,0,0,1
974,1691.6,27.2,41.4,6.218207409,25.9,61368,0,0,0,0,0,0,0,0,0,0,0,0,1
975,810,45.87,30.7,6.841387116,44.08,53668,0,0,0,0,0,0,0,0,0,0,0,0,1
976,54.2,43.39,21.5,13.75067657,35.34,48161,0,0,0,0,0,0,0,0,0,0,0,0,1
977,37.9,38.53,54.5,7.943607915,36.75,73917,1,AT 250,1.01,1.4,0,60.5,Closed,28.8,69.3,91.6,97,2.3,0
978,1806.9,56.62,24.2,9.4985862,52.9,49721,0,0,0,0,0,0,0,0,0,0,0,0,1
979,321.3,27.26,47.2,9.344308931,24.54,66452,1,LPT 1000,1.01,1.4,0,67.8,Closed,18.97,78.9,94,97,1.47,0
980,1803.8,34.23,42.1,5.659620339,33.17,62009,0,0,0,0,0,0,0,0,0,0,0,0,1
981,756.7,46.41,22,3.46257094,45.9,48424,0,0,0,0,0,0,0,0,0,0,0,0,1
982,626.3,61.38,25.7,7.033826219,59.37,50601,0,0,0,0,0,0,0,0,0,0,0,0,1
983,397.1,34.72,59.3,14.00875966,29.53,79797,1,LPT 2000,1.01,1.4,0,64,Closed,27.39,79.8,94.2,97,1.69,0
984,1378.7,62.66,31.1,8.163718399,60.12,53966,1,AT 7800,1.01,1.4,0,77.3,Closed,31.39,86.5,95.6,97,3.38,0
985,1813.2,54.47,51.4,7.452366493,52.83,70635,1,AT 7800,1.01,1.4,0,75.7,Closed,35.55,87.7,95.9,97,2.29,0
986,168.9,33.75,24.7,8.611885031,30.7,49942,1,LPT 1000,1.01,1.4,0,67.6,Closed,18.83,76.1,93.3,97,2.91,0
987,1334.9,63.82,34.4,5.110015645,62.87,56219,1,AT 7800,1.01,1.4,0,77,Closed,32.78,86.4,95.6,97,3.2,0
988,973.4,42.2,44.2,9.82186583,39.07,63740,1,AT 6000,1.01,1.4,0,74.8,Closed,26.47,84.9,95.2,97,2.04,0
989,1771.2,40.4,20.6,14.98386647,30.74,47631,0,0,0,0,0,0,0,0,0,0,0,0,1
990,100.8,61.64,49.8,4.1258172,61.13,68997,1,AT 550,1.01,1.4,0,64.6,Closed,42.26,73.8,92.7,97,3.47,0
991,1082.8,63.48,47.1,9.605025138,60.6,66394,1,AT 6000,1.01,1.4,0,74.3,Closed,40.22,85.4,95.4,97,2.93,0
992,1724.3,39.01,33.9,10.77517363,34.73,55764,0,0,0,0,0,0,0,0,0,0,0,0,1
993,1360.9,40.56,27.8,4.751537466,39.66,51794,0,0,0,0,0,0,0,0,0,0,0,0,1
994,77.6,29.16,57.9,11.62097793,25.52,77998,1,AT 550,1.01,1.4,0,56.3,Closed,23.44,72.7,92.4,97,1.65,0
995,574.3,45.12,32.8,11.67851185,40.02,55013,1,AT 3250,1.01,1.4,0,73.4,Closed,26.06,81.4,94.6,97,2.84,0
996,659.5,50.46,22.8,11.24950024,45.15,48868,0,0,0,0,0,0,0,0,0,0,0,0,1
997,95.4,51.2,22.7,6.4491584,49.45,48855,1,AT 875,1.01,1.4,0,64.1,Closed,27.4,73.6,92.6,97,4.88,0
998,226.8,33.1,28.3,10.99322666,28.34,52106,1,LPT 1000,1.01,1.4,0,69,Closed,19.77,77.4,93.6,97,2.62,0
999,134.1,67.05,58.8,8.120696294,65.29,79286,1,AT 875,1.01,1.4,0,58.7,Closed,51.6,75.1,93,97,3.53,0
