,0,1
0,355.9,4.1
1,359.6,4.1
2,359.6,4.22
3,359.6,4.34
4,363.3,4.1
5,363.3,4.22
6,363.3,4.34
7,363.3,4.46
8,363.3,4.58
9,363.3,4.7
10,367,4.1
11,367,4.22
12,367,4.34
13,367,4.46
14,367,4.58
15,367,4.7
16,367,4.82
17,367,4.94
18,370.7,4.1
19,370.7,4.22
20,370.7,4.34
21,370.7,4.46
22,370.7,4.58
23,370.7,4.7
24,370.7,4.82
25,370.7,4.94
26,370.7,5.06
27,370.7,5.18
28,374.4,4.1
29,374.4,4.22
30,374.4,4.34
31,374.4,4.46
32,374.4,4.58
33,374.4,4.7
34,374.4,4.82
35,374.4,4.94
36,374.4,5.06
37,374.4,5.18
38,374.4,5.3
39,374.4,5.42
40,374.4,5.54
41,378.1,4.1
42,378.1,4.22
43,378.1,4.34
44,378.1,4.46
45,378.1,4.58
46,378.1,4.7
47,378.1,4.82
48,378.1,4.94
49,378.1,5.06
50,378.1,5.18
51,378.1,5.3
52,378.1,5.42
53,378.1,5.54
54,378.1,5.66
55,378.1,5.78
56,381.8,4.1
57,381.8,4.22
58,381.8,4.34
59,381.8,4.46
60,381.8,4.58
61,381.8,4.7
62,381.8,4.82
63,381.8,4.94
64,381.8,5.06
65,381.8,5.18
66,381.8,5.3
67,381.8,5.42
68,381.8,5.54
69,381.8,5.66
70,381.8,5.78
71,381.8,5.9
72,381.8,6.02
73,385.5,4.1
74,385.5,4.22
75,385.5,4.34
76,385.5,4.46
77,385.5,4.58
78,385.5,4.7
79,385.5,4.82
80,385.5,4.94
81,385.5,5.06
82,385.5,5.18
83,385.5,5.3
84,385.5,5.42
85,385.5,5.54
86,385.5,5.66
87,385.5,5.78
88,385.5,5.9
89,385.5,6.02
90,385.5,6.14
91,385.5,6.26
92,385.5,6.38
93,389.2,4.1
94,389.2,4.22
95,389.2,4.34
96,389.2,4.46
97,389.2,4.58
98,389.2,4.7
99,389.2,4.82
100,389.2,4.94
101,389.2,5.06
102,389.2,5.18
103,389.2,5.3
104,389.2,5.42
105,389.2,5.54
106,389.2,5.66
107,389.2,5.78
108,389.2,5.9
109,389.2,6.02
110,389.2,6.14
111,389.2,6.26
112,389.2,6.38
113,389.2,6.5
114,389.2,6.62
115,392.9,4.1
116,392.9,4.22
117,392.9,4.34
118,392.9,4.46
119,392.9,4.58
120,392.9,4.7
121,392.9,4.82
122,392.9,4.94
123,392.9,5.06
124,392.9,5.18
125,392.9,5.3
126,392.9,5.42
127,392.9,5.54
128,392.9,5.66
129,392.9,5.78
130,392.9,5.9
131,392.9,6.02
132,392.9,6.14
133,392.9,6.26
134,392.9,6.38
135,392.9,6.5
136,392.9,6.62
137,392.9,6.74
138,396.6,4.1
139,396.6,4.22
140,396.6,4.34
141,396.6,4.46
142,396.6,4.58
143,396.6,4.7
144,396.6,4.82
145,396.6,4.94
146,396.6,5.06
147,396.6,5.18
148,396.6,5.3
149,396.6,5.42
150,396.6,5.54
151,396.6,5.66
152,396.6,5.78
153,396.6,5.9
154,396.6,6.02
155,396.6,6.14
156,396.6,6.26
157,396.6,6.38
158,396.6,6.5
159,396.6,6.62
160,396.6,6.74
161,396.6,6.86
162,396.6,6.98
163,400.3,4.1
164,400.3,4.22
165,400.3,4.34
166,400.3,4.46
167,400.3,4.58
168,400.3,4.7
169,400.3,4.82
170,400.3,4.94
171,400.3,5.06
172,400.3,5.18
173,400.3,5.3
174,400.3,5.42
175,400.3,5.54
176,400.3,5.66
177,400.3,5.78
178,400.3,5.9
179,400.3,6.02
180,400.3,6.14
181,400.3,6.26
182,400.3,6.38
183,400.3,6.5
184,400.3,6.62
185,400.3,6.74
186,400.3,6.86
187,400.3,6.98
188,400.3,7.1
189,400.3,7.22
190,404,4.1
191,404,4.22
192,404,4.34
193,404,4.46
194,404,4.58
195,404,4.7
196,404,4.82
197,404,4.94
198,404,5.06
199,404,5.18
200,404,5.3
201,404,5.42
202,404,5.54
203,404,5.66
204,404,5.78
205,404,5.9
206,404,6.02
207,404,6.14
208,404,6.26
209,404,6.38
210,404,6.5
211,404,6.62
212,404,6.74
213,404,6.86
214,404,6.98
215,404,7.1
216,404,7.22
217,404,7.34
218,407.7,4.1
219,407.7,4.22
220,407.7,4.34
221,407.7,4.46
222,407.7,4.58
223,407.7,4.7
224,407.7,4.82
225,407.7,4.94
226,407.7,5.06
227,407.7,5.18
228,407.7,5.3
229,407.7,5.42
230,407.7,5.54
231,407.7,5.66
232,407.7,5.78
233,407.7,5.9
234,407.7,6.02
235,407.7,6.14
236,407.7,6.26
237,407.7,6.38
238,407.7,6.5
239,407.7,6.62
240,407.7,6.74
241,407.7,6.86
242,407.7,6.98
243,407.7,7.1
244,407.7,7.22
245,407.7,7.34
246,407.7,7.46
247,407.7,7.58
248,411.4,4.1
249,411.4,4.22
250,411.4,4.34
251,411.4,4.46
252,411.4,4.58
253,411.4,4.7
254,411.4,4.82
255,411.4,4.94
256,411.4,5.06
257,411.4,5.18
258,411.4,5.3
259,411.4,5.42
260,411.4,5.54
261,411.4,5.66
262,411.4,5.78
263,411.4,5.9
264,411.4,6.02
265,411.4,6.14
266,411.4,6.26
267,411.4,6.38
268,411.4,6.5
269,411.4,6.62
270,411.4,6.74
271,411.4,6.86
272,411.4,6.98
273,411.4,7.1
274,411.4,7.22
275,411.4,7.34
276,411.4,7.46
277,411.4,7.58
278,411.4,7.7
279,415.1,4.1
280,415.1,4.22
281,415.1,4.34
282,415.1,4.46
283,415.1,4.58
284,415.1,4.7
285,415.1,4.82
286,415.1,4.94
287,415.1,5.06
288,415.1,5.18
289,415.1,5.3
290,415.1,5.42
291,415.1,5.54
292,415.1,5.66
293,415.1,5.78
294,415.1,5.9
295,415.1,6.02
296,415.1,6.14
297,415.1,6.26
298,415.1,6.38
299,415.1,6.5
300,415.1,6.62
301,415.1,6.74
302,415.1,6.86
303,415.1,6.98
304,415.1,7.1
305,415.1,7.22
306,415.1,7.34
307,415.1,7.46
308,415.1,7.58
309,415.1,7.7
310,415.1,7.82
311,415.1,7.94
312,418.8,4.1
313,418.8,4.22
314,418.8,4.34
315,418.8,4.46
316,418.8,4.58
317,418.8,4.7
318,418.8,4.82
319,418.8,4.94
320,418.8,5.06
321,418.8,5.18
322,418.8,5.3
323,418.8,5.42
324,418.8,5.54
325,418.8,5.66
326,418.8,5.78
327,418.8,5.9
328,418.8,6.02
329,418.8,6.14
330,418.8,6.26
331,418.8,6.38
332,418.8,6.5
333,418.8,6.62
334,418.8,6.74
335,418.8,6.86
336,418.8,6.98
337,418.8,7.1
338,418.8,7.22
339,418.8,7.34
340,418.8,7.46
341,418.8,7.58
342,418.8,7.7
343,418.8,7.82
344,418.8,7.94
345,418.8,8.06
346,418.8,8.18
347,422.5,4.1
348,422.5,4.22
349,422.5,4.34
350,422.5,4.46
351,422.5,4.58
352,422.5,4.7
353,422.5,4.82
354,422.5,4.94
355,422.5,5.06
356,422.5,5.18
357,422.5,5.3
358,422.5,5.42
359,422.5,5.54
360,422.5,5.66
361,422.5,5.78
362,422.5,5.9
363,422.5,6.02
364,422.5,6.14
365,422.5,6.26
366,422.5,6.38
367,422.5,6.5
368,422.5,6.62
369,422.5,6.74
370,422.5,6.86
371,422.5,6.98
372,422.5,7.1
373,422.5,7.22
374,422.5,7.34
375,422.5,7.46
376,422.5,7.58
377,422.5,7.7
378,422.5,7.82
379,422.5,7.94
380,422.5,8.06
381,422.5,8.18
382,422.5,8.3
383,426.2,4.1
384,426.2,4.22
385,426.2,4.34
386,426.2,4.46
387,426.2,4.58
388,426.2,4.7
389,426.2,4.82
390,426.2,4.94
391,426.2,5.06
392,426.2,5.18
393,426.2,5.3
394,426.2,5.42
395,426.2,5.54
396,426.2,5.66
397,426.2,5.78
398,426.2,5.9
399,426.2,6.02
400,426.2,6.14
401,426.2,6.26
402,426.2,6.38
403,426.2,6.5
404,426.2,6.62
405,426.2,6.74
406,426.2,6.86
407,426.2,6.98
408,426.2,7.1
409,426.2,7.22
410,426.2,7.34
411,426.2,7.46
412,426.2,7.58
413,426.2,7.7
414,426.2,7.82
415,426.2,7.94
416,426.2,8.06
417,426.2,8.18
418,426.2,8.3
419,426.2,8.42
420,426.2,8.54
421,429.9,4.1
422,429.9,4.22
423,429.9,4.34
424,429.9,4.46
425,429.9,4.58
426,429.9,4.7
427,429.9,4.82
428,429.9,4.94
429,429.9,5.06
430,429.9,5.18
431,429.9,5.3
432,429.9,5.42
433,429.9,5.54
434,429.9,5.66
435,429.9,5.78
436,429.9,5.9
437,429.9,6.02
438,429.9,6.14
439,429.9,6.26
440,429.9,6.38
441,429.9,6.5
442,429.9,6.62
443,429.9,6.74
444,429.9,6.86
445,429.9,6.98
446,429.9,7.1
447,429.9,7.22
448,429.9,7.34
449,429.9,7.46
450,429.9,7.58
451,429.9,7.7
452,429.9,7.82
453,429.9,7.94
454,429.9,8.06
455,429.9,8.18
456,429.9,8.3
457,429.9,8.42
458,429.9,8.54
459,429.9,8.66
460,433.6,4.1
461,433.6,4.22
462,433.6,4.34
463,433.6,4.46
464,433.6,4.58
465,433.6,4.7
466,433.6,4.82
467,433.6,4.94
468,433.6,5.06
469,433.6,5.18
470,433.6,5.3
471,433.6,5.42
472,433.6,5.54
473,433.6,5.66
474,433.6,5.78
475,433.6,5.9
476,433.6,6.02
477,433.6,6.14
478,433.6,6.26
479,433.6,6.38
480,433.6,6.5
481,433.6,6.62
482,433.6,6.74
483,433.6,6.86
484,433.6,6.98
485,433.6,7.1
486,433.6,7.22
487,433.6,7.34
488,433.6,7.46
489,433.6,7.58
490,433.6,7.7
491,433.6,7.82
492,433.6,7.94
493,433.6,8.06
494,433.6,8.18
495,433.6,8.3
496,433.6,8.42
497,433.6,8.54
498,433.6,8.66
499,433.6,8.78
500,433.6,8.9
501,437.3,4.1
502,437.3,4.22
503,437.3,4.34
504,437.3,4.46
505,437.3,4.58
506,437.3,4.7
507,437.3,4.82
508,437.3,4.94
509,437.3,5.06
510,437.3,5.18
511,437.3,5.3
512,437.3,5.42
513,437.3,5.54
514,437.3,5.66
515,437.3,5.78
516,437.3,5.9
517,437.3,6.02
518,437.3,6.14
519,437.3,6.26
520,437.3,6.38
521,437.3,6.5
522,437.3,6.62
523,437.3,6.74
524,437.3,6.86
525,437.3,6.98
526,437.3,7.1
527,437.3,7.22
528,437.3,7.34
529,437.3,7.46
530,437.3,7.58
531,437.3,7.7
532,437.3,7.82
533,437.3,7.94
534,437.3,8.06
535,437.3,8.18
536,437.3,8.3
537,437.3,8.42
538,437.3,8.54
539,437.3,8.66
540,437.3,8.78
541,437.3,8.9
542,437.3,9.02
543,441,4.1
544,441,4.22
545,441,4.34
546,441,4.46
547,441,4.58
548,441,4.7
549,441,4.82
550,441,4.94
551,441,5.06
552,441,5.18
553,441,5.3
554,441,5.42
555,441,5.54
556,441,5.66
557,441,5.78
558,441,5.9
559,441,6.02
560,441,6.14
561,441,6.26
562,441,6.38
563,441,6.5
564,441,6.62
565,441,6.74
566,441,6.86
567,441,6.98
568,441,7.1
569,441,7.22
570,441,7.34
571,441,7.46
572,441,7.58
573,441,7.7
574,441,7.82
575,441,7.94
576,441,8.06
577,441,8.18
578,441,8.3
579,441,8.42
580,441,8.54
581,441,8.66
582,441,8.78
583,441,8.9
584,441,9.02
585,441,9.14
586,441,9.26
587,444.7,4.1
588,444.7,4.22
589,444.7,4.34
590,444.7,4.46
591,444.7,4.58
592,444.7,4.7
593,444.7,4.82
594,444.7,4.94
595,444.7,5.06
596,444.7,5.18
597,444.7,5.3
598,444.7,5.42
599,444.7,5.54
600,444.7,5.66
601,444.7,5.78
602,444.7,5.9
603,444.7,6.02
604,444.7,6.14
605,444.7,6.26
606,444.7,6.38
607,444.7,6.5
608,444.7,6.62
609,444.7,6.74
610,444.7,6.86
611,444.7,6.98
612,444.7,7.1
613,444.7,7.22
614,444.7,7.34
615,444.7,7.46
616,444.7,7.58
617,444.7,7.7
618,444.7,7.82
619,444.7,7.94
620,444.7,8.06
621,444.7,8.18
622,444.7,8.3
623,444.7,8.42
624,444.7,8.54
625,444.7,8.66
626,444.7,8.78
627,444.7,8.9
628,444.7,9.02
629,444.7,9.14
630,444.7,9.26
631,444.7,9.38
632,448.4,4.1
633,448.4,4.22
634,448.4,4.34
635,448.4,4.46
636,448.4,4.58
637,448.4,4.7
638,448.4,4.82
639,448.4,4.94
640,448.4,5.06
641,448.4,5.18
642,448.4,5.3
643,448.4,5.42
644,448.4,5.54
645,448.4,5.66
646,448.4,5.78
647,448.4,5.9
648,448.4,6.02
649,448.4,6.14
650,448.4,6.26
651,448.4,6.38
652,448.4,6.5
653,448.4,6.62
654,448.4,6.74
655,448.4,6.86
656,448.4,6.98
657,448.4,7.1
658,448.4,7.22
659,448.4,7.34
660,448.4,7.46
661,448.4,7.58
662,448.4,7.7
663,448.4,7.82
664,448.4,7.94
665,448.4,8.06
666,448.4,8.18
667,448.4,8.3
668,448.4,8.42
669,448.4,8.54
670,448.4,8.66
671,448.4,8.78
672,448.4,8.9
673,448.4,9.02
674,448.4,9.14
675,448.4,9.26
676,448.4,9.38
677,448.4,9.5
678,448.4,9.62
679,452.1,4.1
680,452.1,4.22
681,452.1,4.34
682,452.1,4.46
683,452.1,4.58
684,452.1,4.7
685,452.1,4.82
686,452.1,4.94
687,452.1,5.06
688,452.1,5.18
689,452.1,5.3
690,452.1,5.42
691,452.1,5.54
692,452.1,5.66
693,452.1,5.78
694,452.1,5.9
695,452.1,6.02
696,452.1,6.14
697,452.1,6.26
698,452.1,6.38
699,452.1,6.5
700,452.1,6.62
701,452.1,6.74
702,452.1,6.86
703,452.1,6.98
704,452.1,7.1
705,452.1,7.22
706,452.1,7.34
707,452.1,7.46
708,452.1,7.58
709,452.1,7.7
710,452.1,7.82
711,452.1,7.94
712,452.1,8.06
713,452.1,8.18
714,452.1,8.3
715,452.1,8.42
716,452.1,8.54
717,452.1,8.66
718,452.1,8.78
719,452.1,8.9
720,452.1,9.02
721,452.1,9.14
722,452.1,9.26
723,452.1,9.38
724,452.1,9.5
725,452.1,9.62
726,452.1,9.74
727,455.8,4.1
728,455.8,4.22
729,455.8,4.34
730,455.8,4.46
731,455.8,4.58
732,455.8,4.7
733,455.8,4.82
734,455.8,4.94
735,455.8,5.06
736,455.8,5.18
737,455.8,5.3
738,455.8,5.42
739,455.8,5.54
740,455.8,5.66
741,455.8,5.78
742,455.8,5.9
743,455.8,6.02
744,455.8,6.14
745,455.8,6.26
746,455.8,6.38
747,455.8,6.5
748,455.8,6.62
749,455.8,6.74
750,455.8,6.86
751,455.8,6.98
752,455.8,7.1
753,455.8,7.22
754,455.8,7.34
755,455.8,7.46
756,455.8,7.58
757,455.8,7.7
758,455.8,7.82
759,455.8,7.94
760,455.8,8.06
761,455.8,8.18
762,455.8,8.3
763,455.8,8.42
764,455.8,8.54
765,455.8,8.66
766,455.8,8.78
767,455.8,8.9
768,455.8,9.02
769,455.8,9.14
770,455.8,9.26
771,455.8,9.38
772,455.8,9.5
773,455.8,9.62
774,455.8,9.74
775,455.8,9.86
776,455.8,9.98
777,459.5,4.1
778,459.5,4.22
779,459.5,4.34
780,459.5,4.46
781,459.5,4.58
782,459.5,4.7
783,459.5,4.82
784,459.5,4.94
785,459.5,5.06
786,459.5,5.18
787,459.5,5.3
788,459.5,5.42
789,459.5,5.54
790,459.5,5.66
791,459.5,5.78
792,459.5,5.9
793,459.5,6.02
794,459.5,6.14
795,459.5,6.26
796,459.5,6.38
797,459.5,6.5
798,459.5,6.62
799,459.5,6.74
800,459.5,6.86
801,459.5,6.98
802,459.5,7.1
803,459.5,7.22
804,459.5,7.34
805,459.5,7.46
806,459.5,7.58
807,459.5,7.7
808,459.5,7.82
809,459.5,7.94
810,459.5,8.06
811,459.5,8.18
812,459.5,8.3
813,459.5,8.42
814,459.5,8.54
815,459.5,8.66
816,459.5,8.78
817,459.5,8.9
818,459.5,9.02
819,459.5,9.14
820,459.5,9.26
821,459.5,9.38
822,459.5,9.5
823,459.5,9.62
824,459.5,9.74
825,459.5,9.86
826,459.5,9.98
827,459.5,10.1
828,463.2,4.1
829,463.2,4.22
830,463.2,4.34
831,463.2,4.46
832,463.2,4.58
833,463.2,4.7
834,463.2,4.82
835,463.2,4.94
836,463.2,5.06
837,463.2,5.18
838,463.2,5.3
839,463.2,5.42
840,463.2,5.54
841,463.2,5.66
842,463.2,5.78
843,463.2,5.9
844,463.2,6.02
845,463.2,6.14
846,463.2,6.26
847,463.2,6.38
848,463.2,6.5
849,463.2,6.62
850,463.2,6.74
851,463.2,6.86
852,463.2,6.98
853,463.2,7.1
854,463.2,7.22
855,463.2,7.34
856,463.2,7.46
857,463.2,7.58
858,463.2,7.7
859,463.2,7.82
860,463.2,7.94
861,463.2,8.06
862,463.2,8.18
863,463.2,8.3
864,463.2,8.42
865,463.2,8.54
866,463.2,8.66
867,463.2,8.78
868,463.2,8.9
869,463.2,9.02
870,463.2,9.14
871,463.2,9.26
872,463.2,9.38
873,463.2,9.5
874,463.2,9.62
875,463.2,9.74
876,463.2,9.86
877,463.2,9.98
878,463.2,10.1
879,463.2,10.22
880,466.9,4.1
881,466.9,4.22
882,466.9,4.34
883,466.9,4.46
884,466.9,4.58
885,466.9,4.7
886,466.9,4.82
887,466.9,4.94
888,466.9,5.06
889,466.9,5.18
890,466.9,5.3
891,466.9,5.42
892,466.9,5.54
893,466.9,5.66
894,466.9,5.78
895,466.9,5.9
896,466.9,6.02
897,466.9,6.14
898,466.9,6.26
899,466.9,6.38
900,466.9,6.5
901,466.9,6.62
902,466.9,6.74
903,466.9,6.86
904,466.9,6.98
905,466.9,7.1
906,466.9,7.22
907,466.9,7.34
908,466.9,7.46
909,466.9,7.58
910,466.9,7.7
911,466.9,7.82
912,466.9,7.94
913,466.9,8.06
914,466.9,8.18
915,466.9,8.3
916,466.9,8.42
917,466.9,8.54
918,466.9,8.66
919,466.9,8.78
920,466.9,8.9
921,466.9,9.02
922,466.9,9.14
923,466.9,9.26
924,466.9,9.38
925,466.9,9.5
926,466.9,9.62
927,466.9,9.74
928,466.9,9.86
929,466.9,9.98
930,466.9,10.1
931,466.9,10.22
932,466.9,10.34
933,466.9,10.46
934,470.6,4.1
935,470.6,4.22
936,470.6,4.34
937,470.6,4.46
938,470.6,4.58
939,470.6,4.7
940,470.6,4.82
941,470.6,4.94
942,470.6,5.06
943,470.6,5.18
944,470.6,5.3
945,470.6,5.42
946,470.6,5.54
947,470.6,5.66
948,470.6,5.78
949,470.6,5.9
950,470.6,6.02
951,470.6,6.14
952,470.6,6.26
953,470.6,6.38
954,470.6,6.5
955,470.6,6.62
956,470.6,6.74
957,470.6,6.86
958,470.6,6.98
959,470.6,7.1
960,470.6,7.22
961,470.6,7.34
962,470.6,7.46
963,470.6,7.58
964,470.6,7.7
965,470.6,7.82
966,470.6,7.94
967,470.6,8.06
968,470.6,8.18
969,470.6,8.3
970,470.6,8.42
971,470.6,8.54
972,470.6,8.66
973,470.6,8.78
974,470.6,8.9
975,470.6,9.02
976,470.6,9.14
977,470.6,9.26
978,470.6,9.38
979,470.6,9.5
980,470.6,9.62
981,470.6,9.74
982,470.6,9.86
983,470.6,9.98
984,470.6,10.1
985,470.6,10.22
986,470.6,10.34
987,470.6,10.46
988,470.6,10.58
989,474.3,4.22
990,474.3,4.34
991,474.3,4.46
992,474.3,4.58
993,474.3,4.7
994,474.3,4.82
995,474.3,4.94
996,474.3,5.06
997,474.3,5.18
998,474.3,5.3
999,474.3,5.42
1000,474.3,5.54
1001,474.3,5.66
1002,474.3,5.78
1003,474.3,5.9
1004,474.3,6.02
1005,474.3,6.14
1006,474.3,6.26
1007,474.3,6.38
1008,474.3,6.5
1009,474.3,6.62
1010,474.3,6.74
1011,474.3,6.86
1012,474.3,6.98
1013,474.3,7.1
1014,474.3,7.22
1015,474.3,7.34
1016,474.3,7.46
1017,474.3,7.58
1018,474.3,7.7
1019,474.3,7.82
1020,474.3,7.94
1021,474.3,8.06
1022,474.3,8.18
1023,474.3,8.3
1024,474.3,8.42
1025,474.3,8.54
1026,474.3,8.66
1027,474.3,8.78
1028,474.3,8.9
1029,474.3,9.02
1030,474.3,9.14
1031,474.3,9.26
1032,474.3,9.38
1033,474.3,9.5
1034,474.3,9.62
1035,474.3,9.74
1036,474.3,9.86
1037,474.3,9.98
1038,474.3,10.1
1039,474.3,10.22
1040,474.3,10.34
1041,474.3,10.46
1042,474.3,10.58
1043,474.3,10.7
1044,474.3,10.82
1045,478,4.22
1046,478,4.34
1047,478,4.46
1048,478,4.58
1049,478,4.7
1050,478,4.82
1051,478,4.94
1052,478,5.06
1053,478,5.18
1054,478,5.3
1055,478,5.42
1056,478,5.54
1057,478,5.66
1058,478,5.78
1059,478,5.9
1060,478,6.02
1061,478,6.14
1062,478,6.26
1063,478,6.38
1064,478,6.5
1065,478,6.62
1066,478,6.74
1067,478,6.86
1068,478,6.98
1069,478,7.1
1070,478,7.22
1071,478,7.34
1072,478,7.46
1073,478,7.58
1074,478,7.7
1075,478,7.82
1076,478,7.94
1077,478,8.06
1078,478,8.18
1079,478,8.3
1080,478,8.42
1081,478,8.54
1082,478,8.66
1083,478,8.78
1084,478,8.9
1085,478,9.02
1086,478,9.14
1087,478,9.26
1088,478,9.38
1089,478,9.5
1090,478,9.62
1091,478,9.74
1092,478,9.86
1093,478,9.98
1094,478,10.1
1095,478,10.22
1096,478,10.34
1097,478,10.46
1098,478,10.58
1099,478,10.7
1100,478,10.82
1101,478,10.94
1102,481.7,4.22
1103,481.7,4.34
1104,481.7,4.46
1105,481.7,4.58
1106,481.7,4.7
1107,481.7,4.82
1108,481.7,4.94
1109,481.7,5.06
1110,481.7,5.18
1111,481.7,5.3
1112,481.7,5.42
1113,481.7,5.54
1114,481.7,5.66
1115,481.7,5.78
1116,481.7,5.9
1117,481.7,6.02
1118,481.7,6.14
1119,481.7,6.26
1120,481.7,6.38
1121,481.7,6.5
1122,481.7,6.62
1123,481.7,6.74
1124,481.7,6.86
1125,481.7,6.98
1126,481.7,7.1
1127,481.7,7.22
1128,481.7,7.34
1129,481.7,7.46
1130,481.7,7.58
1131,481.7,7.7
1132,481.7,7.82
1133,481.7,7.94
1134,481.7,8.06
1135,481.7,8.18
1136,481.7,8.3
1137,481.7,8.42
1138,481.7,8.54
1139,481.7,8.66
1140,481.7,8.78
1141,481.7,8.9
1142,481.7,9.02
1143,481.7,9.14
1144,481.7,9.26
1145,481.7,9.38
1146,481.7,9.5
1147,481.7,9.62
1148,481.7,9.74
1149,481.7,9.86
1150,481.7,9.98
1151,481.7,10.1
1152,481.7,10.22
1153,481.7,10.34
1154,481.7,10.46
1155,481.7,10.58
1156,481.7,10.7
1157,481.7,10.82
1158,481.7,10.94
1159,481.7,11.06
1160,481.7,11.18
1161,485.4,4.22
1162,485.4,4.34
1163,485.4,4.46
1164,485.4,4.58
1165,485.4,4.7
1166,485.4,4.82
1167,485.4,4.94
1168,485.4,5.06
1169,485.4,5.18
1170,485.4,5.3
1171,485.4,5.42
1172,485.4,5.54
1173,485.4,5.66
1174,485.4,5.78
1175,485.4,5.9
1176,485.4,6.02
1177,485.4,6.14
1178,485.4,6.26
1179,485.4,6.38
1180,485.4,6.5
1181,485.4,6.62
1182,485.4,6.74
1183,485.4,6.86
1184,485.4,6.98
1185,485.4,7.1
1186,485.4,7.22
1187,485.4,7.34
1188,485.4,7.46
1189,485.4,7.58
1190,485.4,7.7
1191,485.4,7.82
1192,485.4,7.94
1193,485.4,8.06
1194,485.4,8.18
1195,485.4,8.3
1196,485.4,8.42
1197,485.4,8.54
1198,485.4,8.66
1199,485.4,8.78
1200,485.4,8.9
1201,485.4,9.02
1202,485.4,9.14
1203,485.4,9.26
1204,485.4,9.38
1205,485.4,9.5
1206,485.4,9.62
1207,485.4,9.74
1208,485.4,9.86
1209,485.4,9.98
1210,485.4,10.1
1211,485.4,10.22
1212,485.4,10.34
1213,485.4,10.46
1214,485.4,10.58
1215,485.4,10.7
1216,485.4,10.82
1217,485.4,10.94
1218,485.4,11.06
1219,485.4,11.18
1220,485.4,11.3
1221,489.1,4.22
1222,489.1,4.34
1223,489.1,4.46
1224,489.1,4.58
1225,489.1,4.7
1226,489.1,4.82
1227,489.1,4.94
1228,489.1,5.06
1229,489.1,5.18
1230,489.1,5.3
1231,489.1,5.42
1232,489.1,5.54
1233,489.1,5.66
1234,489.1,5.78
1235,489.1,5.9
1236,489.1,6.02
1237,489.1,6.14
1238,489.1,6.26
1239,489.1,6.38
1240,489.1,6.5
1241,489.1,6.62
1242,489.1,6.74
1243,489.1,6.86
1244,489.1,6.98
1245,489.1,7.1
1246,489.1,7.22
1247,489.1,7.34
1248,489.1,7.46
1249,489.1,7.58
1250,489.1,7.7
1251,489.1,7.82
1252,489.1,7.94
1253,489.1,8.06
1254,489.1,8.18
1255,489.1,8.3
1256,489.1,8.42
1257,489.1,8.54
1258,489.1,8.66
1259,489.1,8.78
1260,489.1,8.9
1261,489.1,9.02
1262,489.1,9.14
1263,489.1,9.26
1264,489.1,9.38
1265,489.1,9.5
1266,489.1,9.62
1267,489.1,9.74
1268,489.1,9.86
1269,489.1,9.98
1270,489.1,10.1
1271,489.1,10.22
1272,489.1,10.34
1273,489.1,10.46
1274,489.1,10.58
1275,489.1,10.7
1276,489.1,10.82
1277,489.1,10.94
1278,489.1,11.06
1279,489.1,11.18
1280,489.1,11.3
1281,489.1,11.42
1282,492.8,4.34
1283,492.8,4.46
1284,492.8,4.58
1285,492.8,4.7
1286,492.8,4.82
1287,492.8,4.94
1288,492.8,5.06
1289,492.8,5.18
1290,492.8,5.3
1291,492.8,5.42
1292,492.8,5.54
1293,492.8,5.66
1294,492.8,5.78
1295,492.8,5.9
1296,492.8,6.02
1297,492.8,6.14
1298,492.8,6.26
1299,492.8,6.38
1300,492.8,6.5
1301,492.8,6.62
1302,492.8,6.74
1303,492.8,6.86
1304,492.8,6.98
1305,492.8,7.1
1306,492.8,7.22
1307,492.8,7.34
1308,492.8,7.46
1309,492.8,7.58
1310,492.8,7.7
1311,492.8,7.82
1312,492.8,7.94
1313,492.8,8.06
1314,492.8,8.18
1315,492.8,8.3
1316,492.8,8.42
1317,492.8,8.54
1318,492.8,8.66
1319,492.8,8.78
1320,492.8,8.9
1321,492.8,9.02
1322,492.8,9.14
1323,492.8,9.26
1324,492.8,9.38
1325,492.8,9.5
1326,492.8,9.62
1327,492.8,9.74
1328,492.8,9.86
1329,492.8,9.98
1330,492.8,10.1
1331,492.8,10.22
1332,492.8,10.34
1333,492.8,10.46
1334,492.8,10.58
1335,492.8,10.7
1336,492.8,10.82
1337,492.8,10.94
1338,492.8,11.06
1339,492.8,11.18
1340,492.8,11.3
1341,492.8,11.42
1342,492.8,11.54
1343,496.5,4.34
1344,496.5,4.46
1345,496.5,4.58
1346,496.5,4.7
1347,496.5,4.82
1348,496.5,4.94
1349,496.5,5.06
1350,496.5,5.18
1351,496.5,5.3
1352,496.5,5.42
1353,496.5,5.54
1354,496.5,5.66
1355,496.5,5.78
1356,496.5,5.9
1357,496.5,6.02
1358,496.5,6.14
1359,496.5,6.26
1360,496.5,6.38
1361,496.5,6.5
1362,496.5,6.62
1363,496.5,6.74
1364,496.5,6.86
1365,496.5,6.98
1366,496.5,7.1
1367,496.5,7.22
1368,496.5,7.34
1369,496.5,7.46
1370,496.5,7.58
1371,496.5,7.7
1372,496.5,7.82
1373,496.5,7.94
1374,496.5,8.06
1375,496.5,8.18
1376,496.5,8.3
1377,496.5,8.42
1378,496.5,8.54
1379,496.5,8.66
1380,496.5,8.78
1381,496.5,8.9
1382,496.5,9.02
1383,496.5,9.14
1384,496.5,9.26
1385,496.5,9.38
1386,496.5,9.5
1387,496.5,9.62
1388,496.5,9.74
1389,496.5,9.86
1390,496.5,9.98
1391,496.5,10.1
1392,496.5,10.22
1393,496.5,10.34
1394,496.5,10.46
1395,496.5,10.58
1396,496.5,10.7
1397,496.5,10.82
1398,496.5,10.94
1399,496.5,11.06
1400,496.5,11.18
1401,496.5,11.3
1402,496.5,11.42
1403,496.5,11.54
1404,500.2,4.34
1405,500.2,4.46
1406,500.2,4.58
1407,500.2,4.7
1408,500.2,4.82
1409,500.2,4.94
1410,500.2,5.06
1411,500.2,5.18
1412,500.2,5.3
1413,500.2,5.42
1414,500.2,5.54
1415,500.2,5.66
1416,500.2,5.78
1417,500.2,5.9
1418,500.2,6.02
1419,500.2,6.14
1420,500.2,6.26
1421,500.2,6.38
1422,500.2,6.5
1423,500.2,6.62
1424,500.2,6.74
1425,500.2,6.86
1426,500.2,6.98
1427,500.2,7.1
1428,500.2,7.22
1429,500.2,7.34
1430,500.2,7.46
1431,500.2,7.58
1432,500.2,7.7
1433,500.2,7.82
1434,500.2,7.94
1435,500.2,8.06
1436,500.2,8.18
1437,500.2,8.3
1438,500.2,8.42
1439,500.2,8.54
1440,500.2,8.66
1441,500.2,8.78
1442,500.2,8.9
1443,500.2,9.02
1444,500.2,9.14
1445,500.2,9.26
1446,500.2,9.38
1447,500.2,9.5
1448,500.2,9.62
1449,500.2,9.74
1450,500.2,9.86
1451,500.2,9.98
1452,500.2,10.1
1453,500.2,10.22
1454,500.2,10.34
1455,500.2,10.46
1456,500.2,10.58
1457,500.2,10.7
1458,500.2,10.82
1459,500.2,10.94
1460,500.2,11.06
1461,500.2,11.18
1462,500.2,11.3
1463,500.2,11.42
1464,500.2,11.54
1465,500.2,11.66
1466,503.9,4.34
1467,503.9,4.46
1468,503.9,4.58
1469,503.9,4.7
1470,503.9,4.82
1471,503.9,4.94
1472,503.9,5.06
1473,503.9,5.18
1474,503.9,5.3
1475,503.9,5.42
1476,503.9,5.54
1477,503.9,5.66
1478,503.9,5.78
1479,503.9,5.9
1480,503.9,6.02
1481,503.9,6.14
1482,503.9,6.26
1483,503.9,6.38
1484,503.9,6.5
1485,503.9,6.62
1486,503.9,6.74
1487,503.9,6.86
1488,503.9,6.98
1489,503.9,7.1
1490,503.9,7.22
1491,503.9,7.34
1492,503.9,7.46
1493,503.9,7.58
1494,503.9,7.7
1495,503.9,7.82
1496,503.9,7.94
1497,503.9,8.06
1498,503.9,8.18
1499,503.9,8.3
1500,503.9,8.42
1501,503.9,8.54
1502,503.9,8.66
1503,503.9,8.78
1504,503.9,8.9
1505,503.9,9.02
1506,503.9,9.14
1507,503.9,9.26
1508,503.9,9.38
1509,503.9,9.5
1510,503.9,9.62
1511,503.9,9.74
1512,503.9,9.86
1513,503.9,9.98
1514,503.9,10.1
1515,503.9,10.22
1516,503.9,10.34
1517,503.9,10.46
1518,503.9,10.58
1519,503.9,10.7
1520,503.9,10.82
1521,503.9,10.94
1522,503.9,11.06
1523,503.9,11.18
1524,503.9,11.3
1525,503.9,11.42
1526,503.9,11.54
1527,503.9,11.66
1528,507.6,4.34
1529,507.6,4.46
1530,507.6,4.58
1531,507.6,4.7
1532,507.6,4.82
1533,507.6,4.94
1534,507.6,5.06
1535,507.6,5.18
1536,507.6,5.3
1537,507.6,5.42
1538,507.6,5.54
1539,507.6,5.66
1540,507.6,5.78
1541,507.6,5.9
1542,507.6,6.02
1543,507.6,6.14
1544,507.6,6.26
1545,507.6,6.38
1546,507.6,6.5
1547,507.6,6.62
1548,507.6,6.74
1549,507.6,6.86
1550,507.6,6.98
1551,507.6,7.1
1552,507.6,7.22
1553,507.6,7.34
1554,507.6,7.46
1555,507.6,7.58
1556,507.6,7.7
1557,507.6,7.82
1558,507.6,7.94
1559,507.6,8.06
1560,507.6,8.18
1561,507.6,8.3
1562,507.6,8.42
1563,507.6,8.54
1564,507.6,8.66
1565,507.6,8.78
1566,507.6,8.9
1567,507.6,9.02
1568,507.6,9.14
1569,507.6,9.26
1570,507.6,9.38
1571,507.6,9.5
1572,507.6,9.62
1573,507.6,9.74
1574,507.6,9.86
1575,507.6,9.98
1576,507.6,10.1
1577,507.6,10.22
1578,507.6,10.34
1579,507.6,10.46
1580,507.6,10.58
1581,507.6,10.7
1582,507.6,10.82
1583,507.6,10.94
1584,507.6,11.06
1585,507.6,11.18
1586,507.6,11.3
1587,507.6,11.42
1588,507.6,11.54
1589,507.6,11.66
1590,507.6,11.78
1591,511.3,4.46
1592,511.3,4.58
1593,511.3,4.7
1594,511.3,4.82
1595,511.3,4.94
1596,511.3,5.06
1597,511.3,5.18
1598,511.3,5.3
1599,511.3,5.42
1600,511.3,5.54
1601,511.3,5.66
1602,511.3,5.78
1603,511.3,5.9
1604,511.3,6.02
1605,511.3,6.14
1606,511.3,6.26
1607,511.3,6.38
1608,511.3,6.5
1609,511.3,6.62
1610,511.3,6.74
1611,511.3,6.86
1612,511.3,6.98
1613,511.3,7.1
1614,511.3,7.22
1615,511.3,7.34
1616,511.3,7.46
1617,511.3,7.58
1618,511.3,7.7
1619,511.3,7.82
1620,511.3,7.94
1621,511.3,8.06
1622,511.3,8.18
1623,511.3,8.3
1624,511.3,8.42
1625,511.3,8.54
1626,511.3,8.66
1627,511.3,8.78
1628,511.3,8.9
1629,511.3,9.02
1630,511.3,9.14
1631,511.3,9.26
1632,511.3,9.38
1633,511.3,9.5
1634,511.3,9.62
1635,511.3,9.74
1636,511.3,9.86
1637,511.3,9.98
1638,511.3,10.1
1639,511.3,10.22
1640,511.3,10.34
1641,511.3,10.46
1642,511.3,10.58
1643,511.3,10.7
1644,511.3,10.82
1645,511.3,10.94
1646,511.3,11.06
1647,511.3,11.18
1648,511.3,11.3
1649,511.3,11.42
1650,511.3,11.54
1651,511.3,11.66
1652,511.3,11.78
1653,515,4.46
1654,515,4.58
1655,515,4.7
1656,515,4.82
1657,515,4.94
1658,515,5.06
1659,515,5.18
1660,515,5.3
1661,515,5.42
1662,515,5.54
1663,515,5.66
1664,515,5.78
1665,515,5.9
1666,515,6.02
1667,515,6.14
1668,515,6.26
1669,515,6.38
1670,515,6.5
1671,515,6.62
1672,515,6.74
1673,515,6.86
1674,515,6.98
1675,515,7.1
1676,515,7.22
1677,515,7.34
1678,515,7.46
1679,515,7.58
1680,515,7.7
1681,515,7.82
1682,515,7.94
1683,515,8.06
1684,515,8.18
1685,515,8.3
1686,515,8.42
1687,515,8.54
1688,515,8.66
1689,515,8.78
1690,515,8.9
1691,515,9.02
1692,515,9.14
1693,515,9.26
1694,515,9.38
1695,515,9.5
1696,515,9.62
1697,515,9.74
1698,515,9.86
1699,515,9.98
1700,515,10.1
1701,515,10.22
1702,515,10.34
1703,515,10.46
1704,515,10.58
1705,515,10.7
1706,515,10.82
1707,515,10.94
1708,515,11.06
1709,515,11.18
1710,515,11.3
1711,515,11.42
1712,515,11.54
1713,515,11.66
1714,515,11.78
1715,518.7,4.46
1716,518.7,4.58
1717,518.7,4.7
1718,518.7,4.82
1719,518.7,4.94
1720,518.7,5.06
1721,518.7,5.18
1722,518.7,5.3
1723,518.7,5.42
1724,518.7,5.54
1725,518.7,5.66
1726,518.7,5.78
1727,518.7,5.9
1728,518.7,6.02
1729,518.7,6.14
1730,518.7,6.26
1731,518.7,6.38
1732,518.7,6.5
1733,518.7,6.62
1734,518.7,6.74
1735,518.7,6.86
1736,518.7,6.98
1737,518.7,7.1
1738,518.7,7.22
1739,518.7,7.34
1740,518.7,7.46
1741,518.7,7.58
1742,518.7,7.7
1743,518.7,7.82
1744,518.7,7.94
1745,518.7,8.06
1746,518.7,8.18
1747,518.7,8.3
1748,518.7,8.42
1749,518.7,8.54
1750,518.7,8.66
1751,518.7,8.78
1752,518.7,8.9
1753,518.7,9.02
1754,518.7,9.14
1755,518.7,9.26
1756,518.7,9.38
1757,518.7,9.5
1758,518.7,9.62
1759,518.7,9.74
1760,518.7,9.86
1761,518.7,9.98
1762,518.7,10.1
1763,518.7,10.22
1764,518.7,10.34
1765,518.7,10.46
1766,518.7,10.58
1767,518.7,10.7
1768,518.7,10.82
1769,518.7,10.94
1770,518.7,11.06
1771,518.7,11.18
1772,518.7,11.3
1773,518.7,11.42
1774,518.7,11.54
1775,518.7,11.66
1776,518.7,11.78
1777,518.7,11.9
1778,522.4,4.46
1779,522.4,4.58
1780,522.4,4.7
1781,522.4,4.82
1782,522.4,4.94
1783,522.4,5.06
1784,522.4,5.18
1785,522.4,5.3
1786,522.4,5.42
1787,522.4,5.54
1788,522.4,5.66
1789,522.4,5.78
1790,522.4,5.9
1791,522.4,6.02
1792,522.4,6.14
1793,522.4,6.26
1794,522.4,6.38
1795,522.4,6.5
1796,522.4,6.62
1797,522.4,6.74
1798,522.4,6.86
1799,522.4,6.98
1800,522.4,7.1
1801,522.4,7.22
1802,522.4,7.34
1803,522.4,7.46
1804,522.4,7.58
1805,522.4,7.7
1806,522.4,7.82
1807,522.4,7.94
1808,522.4,8.06
1809,522.4,8.18
1810,522.4,8.3
1811,522.4,8.42
1812,522.4,8.54
1813,522.4,8.66
1814,522.4,8.78
1815,522.4,8.9
1816,522.4,9.02
1817,522.4,9.14
1818,522.4,9.26
1819,522.4,9.38
1820,522.4,9.5
1821,522.4,9.62
1822,522.4,9.74
1823,522.4,9.86
1824,522.4,9.98
1825,522.4,10.1
1826,522.4,10.22
1827,522.4,10.34
1828,522.4,10.46
1829,522.4,10.58
1830,522.4,10.7
1831,522.4,10.82
1832,522.4,10.94
1833,522.4,11.06
1834,522.4,11.18
1835,522.4,11.3
1836,522.4,11.42
1837,522.4,11.54
1838,522.4,11.66
1839,522.4,11.78
1840,522.4,11.9
1841,526.1,4.46
1842,526.1,4.58
1843,526.1,4.7
1844,526.1,4.82
1845,526.1,4.94
1846,526.1,5.06
1847,526.1,5.18
1848,526.1,5.3
1849,526.1,5.42
1850,526.1,5.54
1851,526.1,5.66
1852,526.1,5.78
1853,526.1,5.9
1854,526.1,6.02
1855,526.1,6.14
1856,526.1,6.26
1857,526.1,6.38
1858,526.1,6.5
1859,526.1,6.62
1860,526.1,6.74
1861,526.1,6.86
1862,526.1,6.98
1863,526.1,7.1
1864,526.1,7.22
1865,526.1,7.34
1866,526.1,7.46
1867,526.1,7.58
1868,526.1,7.7
1869,526.1,7.82
1870,526.1,7.94
1871,526.1,8.06
1872,526.1,8.18
1873,526.1,8.3
1874,526.1,8.42
1875,526.1,8.54
1876,526.1,8.66
1877,526.1,8.78
1878,526.1,8.9
1879,526.1,9.02
1880,526.1,9.14
1881,526.1,9.26
1882,526.1,9.38
1883,526.1,9.5
1884,526.1,9.62
1885,526.1,9.74
1886,526.1,9.86
1887,526.1,9.98
1888,526.1,10.1
1889,526.1,10.22
1890,526.1,10.34
1891,526.1,10.46
1892,526.1,10.58
1893,526.1,10.7
1894,526.1,10.82
1895,526.1,10.94
1896,526.1,11.06
1897,526.1,11.18
1898,526.1,11.3
1899,526.1,11.42
1900,526.1,11.54
1901,526.1,11.66
1902,526.1,11.78
1903,526.1,11.9
1904,526.1,12.02
1905,529.8,4.46
1906,529.8,4.58
1907,529.8,4.7
1908,529.8,4.82
1909,529.8,4.94
1910,529.8,5.06
1911,529.8,5.18
1912,529.8,5.3
1913,529.8,5.42
1914,529.8,5.54
1915,529.8,5.66
1916,529.8,5.78
1917,529.8,5.9
1918,529.8,6.02
1919,529.8,6.14
1920,529.8,6.26
1921,529.8,6.38
1922,529.8,6.5
1923,529.8,6.62
1924,529.8,6.74
1925,529.8,6.86
1926,529.8,6.98
1927,529.8,7.1
1928,529.8,7.22
1929,529.8,7.34
1930,529.8,7.46
1931,529.8,7.58
1932,529.8,7.7
1933,529.8,7.82
1934,529.8,7.94
1935,529.8,8.06
1936,529.8,8.18
1937,529.8,8.3
1938,529.8,8.42
1939,529.8,8.54
1940,529.8,8.66
1941,529.8,8.78
1942,529.8,8.9
1943,529.8,9.02
1944,529.8,9.14
1945,529.8,9.26
1946,529.8,9.38
1947,529.8,9.5
1948,529.8,9.62
1949,529.8,9.74
1950,529.8,9.86
1951,529.8,9.98
1952,529.8,10.1
1953,529.8,10.22
1954,529.8,10.34
1955,529.8,10.46
1956,529.8,10.58
1957,529.8,10.7
1958,529.8,10.82
1959,529.8,10.94
1960,529.8,11.06
1961,529.8,11.18
1962,529.8,11.3
1963,529.8,11.42
1964,529.8,11.54
1965,529.8,11.66
1966,529.8,11.78
1967,529.8,11.9
1968,529.8,12.02
1969,533.5,4.58
1970,533.5,4.7
1971,533.5,4.82
1972,533.5,4.94
1973,533.5,5.06
1974,533.5,5.18
1975,533.5,5.3
1976,533.5,5.42
1977,533.5,5.54
1978,533.5,5.66
1979,533.5,5.78
1980,533.5,5.9
1981,533.5,6.02
1982,533.5,6.14
1983,533.5,6.26
1984,533.5,6.38
1985,533.5,6.5
1986,533.5,6.62
1987,533.5,6.74
1988,533.5,6.86
1989,533.5,6.98
1990,533.5,7.1
1991,533.5,7.22
1992,533.5,7.34
1993,533.5,7.46
1994,533.5,7.58
1995,533.5,7.7
1996,533.5,7.82
1997,533.5,7.94
1998,533.5,8.06
1999,533.5,8.18
2000,533.5,8.3
2001,533.5,8.42
2002,533.5,8.54
2003,533.5,8.66
2004,533.5,8.78
2005,533.5,8.9
2006,533.5,9.02
2007,533.5,9.14
2008,533.5,9.26
2009,533.5,9.38
2010,533.5,9.5
2011,533.5,9.62
2012,533.5,9.74
2013,533.5,9.86
2014,533.5,9.98
2015,533.5,10.1
2016,533.5,10.22
2017,533.5,10.34
2018,533.5,10.46
2019,533.5,10.58
2020,533.5,10.7
2021,533.5,10.82
2022,533.5,10.94
2023,533.5,11.06
2024,533.5,11.18
2025,533.5,11.3
2026,533.5,11.42
2027,533.5,11.54
2028,533.5,11.66
2029,533.5,11.78
2030,533.5,11.9
2031,533.5,12.02
2032,533.5,12.14
2033,537.2,4.58
2034,537.2,4.7
2035,537.2,4.82
2036,537.2,4.94
2037,537.2,5.06
2038,537.2,5.18
2039,537.2,5.3
2040,537.2,5.42
2041,537.2,5.54
2042,537.2,5.66
2043,537.2,5.78
2044,537.2,5.9
2045,537.2,6.02
2046,537.2,6.14
2047,537.2,6.26
2048,537.2,6.38
2049,537.2,6.5
2050,537.2,6.62
2051,537.2,6.74
2052,537.2,6.86
2053,537.2,6.98
2054,537.2,7.1
2055,537.2,7.22
2056,537.2,7.34
2057,537.2,7.46
2058,537.2,7.58
2059,537.2,7.7
2060,537.2,7.82
2061,537.2,7.94
2062,537.2,8.06
2063,537.2,8.18
2064,537.2,8.3
2065,537.2,8.42
2066,537.2,8.54
2067,537.2,8.66
2068,537.2,8.78
2069,537.2,8.9
2070,537.2,9.02
2071,537.2,9.14
2072,537.2,9.26
2073,537.2,9.38
2074,537.2,9.5
2075,537.2,9.62
2076,537.2,9.74
2077,537.2,9.86
2078,537.2,9.98
2079,537.2,10.1
2080,537.2,10.22
2081,537.2,10.34
2082,537.2,10.46
2083,537.2,10.58
2084,537.2,10.7
2085,537.2,10.82
2086,537.2,10.94
2087,537.2,11.06
2088,537.2,11.18
2089,537.2,11.3
2090,537.2,11.42
2091,537.2,11.54
2092,537.2,11.66
2093,537.2,11.78
2094,537.2,11.9
2095,537.2,12.02
2096,537.2,12.14
2097,540.9,4.58
2098,540.9,4.7
2099,540.9,4.82
2100,540.9,4.94
2101,540.9,5.06
2102,540.9,5.18
2103,540.9,5.3
2104,540.9,5.42
2105,540.9,5.54
2106,540.9,5.66
2107,540.9,5.78
2108,540.9,5.9
2109,540.9,6.02
2110,540.9,6.14
2111,540.9,6.26
2112,540.9,6.38
2113,540.9,6.5
2114,540.9,6.62
2115,540.9,6.74
2116,540.9,6.86
2117,540.9,6.98
2118,540.9,7.1
2119,540.9,7.22
2120,540.9,7.34
2121,540.9,7.46
2122,540.9,7.58
2123,540.9,7.7
2124,540.9,7.82
2125,540.9,7.94
2126,540.9,8.06
2127,540.9,8.18
2128,540.9,8.3
2129,540.9,8.42
2130,540.9,8.54
2131,540.9,8.66
2132,540.9,8.78
2133,540.9,8.9
2134,540.9,9.02
2135,540.9,9.14
2136,540.9,9.26
2137,540.9,9.38
2138,540.9,9.5
2139,540.9,9.62
2140,540.9,9.74
2141,540.9,9.86
2142,540.9,9.98
2143,540.9,10.1
2144,540.9,10.22
2145,540.9,10.34
2146,540.9,10.46
2147,540.9,10.58
2148,540.9,10.7
2149,540.9,10.82
2150,540.9,10.94
2151,540.9,11.06
2152,540.9,11.18
2153,540.9,11.3
2154,540.9,11.42
2155,540.9,11.54
2156,540.9,11.66
2157,540.9,11.78
2158,540.9,11.9
2159,540.9,12.02
2160,540.9,12.14
2161,540.9,12.26
2162,544.6,4.7
2163,544.6,4.82
2164,544.6,4.94
2165,544.6,5.06
2166,544.6,5.18
2167,544.6,5.3
2168,544.6,5.42
2169,544.6,5.54
2170,544.6,5.66
2171,544.6,5.78
2172,544.6,5.9
2173,544.6,6.02
2174,544.6,6.14
2175,544.6,6.26
2176,544.6,6.38
2177,544.6,6.5
2178,544.6,6.62
2179,544.6,6.74
2180,544.6,6.86
2181,544.6,6.98
2182,544.6,7.1
2183,544.6,7.22
2184,544.6,7.34
2185,544.6,7.46
2186,544.6,7.58
2187,544.6,7.7
2188,544.6,7.82
2189,544.6,7.94
2190,544.6,8.06
2191,544.6,8.18
2192,544.6,8.3
2193,544.6,8.42
2194,544.6,8.54
2195,544.6,8.66
2196,544.6,8.78
2197,544.6,8.9
2198,544.6,9.02
2199,544.6,9.14
2200,544.6,9.26
2201,544.6,9.38
2202,544.6,9.5
2203,544.6,9.62
2204,544.6,9.74
2205,544.6,9.86
2206,544.6,9.98
2207,544.6,10.1
2208,544.6,10.22
2209,544.6,10.34
2210,544.6,10.46
2211,544.6,10.58
2212,544.6,10.7
2213,544.6,10.82
2214,544.6,10.94
2215,544.6,11.06
2216,544.6,11.18
2217,544.6,11.3
2218,544.6,11.42
2219,544.6,11.54
2220,544.6,11.66
2221,544.6,11.78
2222,544.6,11.9
2223,544.6,12.02
2224,544.6,12.14
2225,544.6,12.26
2226,548.3,4.7
2227,548.3,4.82
2228,548.3,4.94
2229,548.3,5.06
2230,548.3,5.18
2231,548.3,5.3
2232,548.3,5.42
2233,548.3,5.54
2234,548.3,5.66
2235,548.3,5.78
2236,548.3,5.9
2237,548.3,6.02
2238,548.3,6.14
2239,548.3,6.26
2240,548.3,6.38
2241,548.3,6.5
2242,548.3,6.62
2243,548.3,6.74
2244,548.3,6.86
2245,548.3,6.98
2246,548.3,7.1
2247,548.3,7.22
2248,548.3,7.34
2249,548.3,7.46
2250,548.3,7.58
2251,548.3,7.7
2252,548.3,7.82
2253,548.3,7.94
2254,548.3,8.06
2255,548.3,8.18
2256,548.3,8.3
2257,548.3,8.42
2258,548.3,8.54
2259,548.3,8.66
2260,548.3,8.78
2261,548.3,8.9
2262,548.3,9.02
2263,548.3,9.14
2264,548.3,9.26
2265,548.3,9.38
2266,548.3,9.5
2267,548.3,9.62
2268,548.3,9.74
2269,548.3,9.86
2270,548.3,9.98
2271,548.3,10.1
2272,548.3,10.22
2273,548.3,10.34
2274,548.3,10.46
2275,548.3,10.58
2276,548.3,10.7
2277,548.3,10.82
2278,548.3,10.94
2279,548.3,11.06
2280,548.3,11.18
2281,548.3,11.3
2282,548.3,11.42
2283,548.3,11.54
2284,548.3,11.66
2285,548.3,11.78
2286,548.3,11.9
2287,548.3,12.02
2288,548.3,12.14
2289,548.3,12.26
2290,548.3,12.38
2291,552,4.82
2292,552,4.94
2293,552,5.06
2294,552,5.18
2295,552,5.3
2296,552,5.42
2297,552,5.54
2298,552,5.66
2299,552,5.78
2300,552,5.9
2301,552,6.02
2302,552,6.14
2303,552,6.26
2304,552,6.38
2305,552,6.5
2306,552,6.62
2307,552,6.74
2308,552,6.86
2309,552,6.98
2310,552,7.1
2311,552,7.22
2312,552,7.34
2313,552,7.46
2314,552,7.58
2315,552,7.7
2316,552,7.82
2317,552,7.94
2318,552,8.06
2319,552,8.18
2320,552,8.3
2321,552,8.42
2322,552,8.54
2323,552,8.66
2324,552,8.78
2325,552,8.9
2326,552,9.02
2327,552,9.14
2328,552,9.26
2329,552,9.38
2330,552,9.5
2331,552,9.62
2332,552,9.74
2333,552,9.86
2334,552,9.98
2335,552,10.1
2336,552,10.22
2337,552,10.34
2338,552,10.46
2339,552,10.58
2340,552,10.7
2341,552,10.82
2342,552,10.94
2343,552,11.06
2344,552,11.18
2345,552,11.3
2346,552,11.42
2347,552,11.54
2348,552,11.66
2349,552,11.78
2350,552,11.9
2351,552,12.02
2352,552,12.14
2353,552,12.26
2354,552,12.38
2355,555.7,4.82
2356,555.7,4.94
2357,555.7,5.06
2358,555.7,5.18
2359,555.7,5.3
2360,555.7,5.42
2361,555.7,5.54
2362,555.7,5.66
2363,555.7,5.78
2364,555.7,5.9
2365,555.7,6.02
2366,555.7,6.14
2367,555.7,6.26
2368,555.7,6.38
2369,555.7,6.5
2370,555.7,6.62
2371,555.7,6.74
2372,555.7,6.86
2373,555.7,6.98
2374,555.7,7.1
2375,555.7,7.22
2376,555.7,7.34
2377,555.7,7.46
2378,555.7,7.58
2379,555.7,7.7
2380,555.7,7.82
2381,555.7,7.94
2382,555.7,8.06
2383,555.7,8.18
2384,555.7,8.3
2385,555.7,8.42
2386,555.7,8.54
2387,555.7,8.66
2388,555.7,8.78
2389,555.7,8.9
2390,555.7,9.02
2391,555.7,9.14
2392,555.7,9.26
2393,555.7,9.38
2394,555.7,9.5
2395,555.7,9.62
2396,555.7,9.74
2397,555.7,9.86
2398,555.7,9.98
2399,555.7,10.1
2400,555.7,10.22
2401,555.7,10.34
2402,555.7,10.46
2403,555.7,10.58
2404,555.7,10.7
2405,555.7,10.82
2406,555.7,10.94
2407,555.7,11.06
2408,555.7,11.18
2409,555.7,11.3
2410,555.7,11.42
2411,555.7,11.54
2412,555.7,11.66
2413,555.7,11.78
2414,555.7,11.9
2415,555.7,12.02
2416,555.7,12.14
2417,555.7,12.26
2418,555.7,12.38
2419,555.7,12.5
2420,559.4,4.82
2421,559.4,4.94
2422,559.4,5.06
2423,559.4,5.18
2424,559.4,5.3
2425,559.4,5.42
2426,559.4,5.54
2427,559.4,5.66
2428,559.4,5.78
2429,559.4,5.9
2430,559.4,6.02
2431,559.4,6.14
2432,559.4,6.26
2433,559.4,6.38
2434,559.4,6.5
2435,559.4,6.62
2436,559.4,6.74
2437,559.4,6.86
2438,559.4,6.98
2439,559.4,7.1
2440,559.4,7.22
2441,559.4,7.34
2442,559.4,7.46
2443,559.4,7.58
2444,559.4,7.7
2445,559.4,7.82
2446,559.4,7.94
2447,559.4,8.06
2448,559.4,8.18
2449,559.4,8.3
2450,559.4,8.42
2451,559.4,8.54
2452,559.4,8.66
2453,559.4,8.78
2454,559.4,8.9
2455,559.4,9.02
2456,559.4,9.14
2457,559.4,9.26
2458,559.4,9.38
2459,559.4,9.5
2460,559.4,9.62
2461,559.4,9.74
2462,559.4,9.86
2463,559.4,9.98
2464,559.4,10.1
2465,559.4,10.22
2466,559.4,10.34
2467,559.4,10.46
2468,559.4,10.58
2469,559.4,10.7
2470,559.4,10.82
2471,559.4,10.94
2472,559.4,11.06
2473,559.4,11.18
2474,559.4,11.3
2475,559.4,11.42
2476,559.4,11.54
2477,559.4,11.66
2478,559.4,11.78
2479,559.4,11.9
2480,559.4,12.02
2481,559.4,12.14
2482,559.4,12.26
2483,559.4,12.38
2484,559.4,12.5
2485,563.1,4.94
2486,563.1,5.06
2487,563.1,5.18
2488,563.1,5.3
2489,563.1,5.42
2490,563.1,5.54
2491,563.1,5.66
2492,563.1,5.78
2493,563.1,5.9
2494,563.1,6.02
2495,563.1,6.14
2496,563.1,6.26
2497,563.1,6.38
2498,563.1,6.5
2499,563.1,6.62
2500,563.1,6.74
2501,563.1,6.86
2502,563.1,6.98
2503,563.1,7.1
2504,563.1,7.22
2505,563.1,7.34
2506,563.1,7.46
2507,563.1,7.58
2508,563.1,7.7
2509,563.1,7.82
2510,563.1,7.94
2511,563.1,8.06
2512,563.1,8.18
2513,563.1,8.3
2514,563.1,8.42
2515,563.1,8.54
2516,563.1,8.66
2517,563.1,8.78
2518,563.1,8.9
2519,563.1,9.02
2520,563.1,9.14
2521,563.1,9.26
2522,563.1,9.38
2523,563.1,9.5
2524,563.1,9.62
2525,563.1,9.74
2526,563.1,9.86
2527,563.1,9.98
2528,563.1,10.1
2529,563.1,10.22
2530,563.1,10.34
2531,563.1,10.46
2532,563.1,10.58
2533,563.1,10.7
2534,563.1,10.82
2535,563.1,10.94
2536,563.1,11.06
2537,563.1,11.18
2538,563.1,11.3
2539,563.1,11.42
2540,563.1,11.54
2541,563.1,11.66
2542,563.1,11.78
2543,563.1,11.9
2544,563.1,12.02
2545,563.1,12.14
2546,563.1,12.26
2547,563.1,12.38
2548,563.1,12.5
2549,563.1,12.62
2550,566.8,4.94
2551,566.8,5.06
2552,566.8,5.18
2553,566.8,5.3
2554,566.8,5.42
2555,566.8,5.54
2556,566.8,5.66
2557,566.8,5.78
2558,566.8,5.9
2559,566.8,6.02
2560,566.8,6.14
2561,566.8,6.26
2562,566.8,6.38
2563,566.8,6.5
2564,566.8,6.62
2565,566.8,6.74
2566,566.8,6.86
2567,566.8,6.98
2568,566.8,7.1
2569,566.8,7.22
2570,566.8,7.34
2571,566.8,7.46
2572,566.8,7.58
2573,566.8,7.7
2574,566.8,7.82
2575,566.8,7.94
2576,566.8,8.06
2577,566.8,8.18
2578,566.8,8.3
2579,566.8,8.42
2580,566.8,8.54
2581,566.8,8.66
2582,566.8,8.78
2583,566.8,8.9
2584,566.8,9.02
2585,566.8,9.14
2586,566.8,9.26
2587,566.8,9.38
2588,566.8,9.5
2589,566.8,9.62
2590,566.8,9.74
2591,566.8,9.86
2592,566.8,9.98
2593,566.8,10.1
2594,566.8,10.22
2595,566.8,10.34
2596,566.8,10.46
2597,566.8,10.58
2598,566.8,10.7
2599,566.8,10.82
2600,566.8,10.94
2601,566.8,11.06
2602,566.8,11.18
2603,566.8,11.3
2604,566.8,11.42
2605,566.8,11.54
2606,566.8,11.66
2607,566.8,11.78
2608,566.8,11.9
2609,566.8,12.02
2610,566.8,12.14
2611,566.8,12.26
2612,566.8,12.38
2613,566.8,12.5
2614,566.8,12.62
2615,570.5,4.94
2616,570.5,5.06
2617,570.5,5.18
2618,570.5,5.3
2619,570.5,5.42
2620,570.5,5.54
2621,570.5,5.66
2622,570.5,5.78
2623,570.5,5.9
2624,570.5,6.02
2625,570.5,6.14
2626,570.5,6.26
2627,570.5,6.38
2628,570.5,6.5
2629,570.5,6.62
2630,570.5,6.74
2631,570.5,6.86
2632,570.5,6.98
2633,570.5,7.1
2634,570.5,7.22
2635,570.5,7.34
2636,570.5,7.46
2637,570.5,7.58
2638,570.5,7.7
2639,570.5,7.82
2640,570.5,7.94
2641,570.5,8.06
2642,570.5,8.18
2643,570.5,8.3
2644,570.5,8.42
2645,570.5,8.54
2646,570.5,8.66
2647,570.5,8.78
2648,570.5,8.9
2649,570.5,9.02
2650,570.5,9.14
2651,570.5,9.26
2652,570.5,9.38
2653,570.5,9.5
2654,570.5,9.62
2655,570.5,9.74
2656,570.5,9.86
2657,570.5,9.98
2658,570.5,10.1
2659,570.5,10.22
2660,570.5,10.34
2661,570.5,10.46
2662,570.5,10.58
2663,570.5,10.7
2664,570.5,10.82
2665,570.5,10.94
2666,570.5,11.06
2667,570.5,11.18
2668,570.5,11.3
2669,570.5,11.42
2670,570.5,11.54
2671,570.5,11.66
2672,570.5,11.78
2673,570.5,11.9
2674,570.5,12.02
2675,570.5,12.14
2676,570.5,12.26
2677,570.5,12.38
2678,570.5,12.5
2679,570.5,12.62
2680,570.5,12.74
2681,574.2,5.06
2682,574.2,5.18
2683,574.2,5.3
2684,574.2,5.42
2685,574.2,5.54
2686,574.2,5.66
2687,574.2,5.78
2688,574.2,5.9
2689,574.2,6.02
2690,574.2,6.14
2691,574.2,6.26
2692,574.2,6.38
2693,574.2,6.5
2694,574.2,6.62
2695,574.2,6.74
2696,574.2,6.86
2697,574.2,6.98
2698,574.2,7.1
2699,574.2,7.22
2700,574.2,7.34
2701,574.2,7.46
2702,574.2,7.58
2703,574.2,7.7
2704,574.2,7.82
2705,574.2,7.94
2706,574.2,8.06
2707,574.2,8.18
2708,574.2,8.3
2709,574.2,8.42
2710,574.2,8.54
2711,574.2,8.66
2712,574.2,8.78
2713,574.2,8.9
2714,574.2,9.02
2715,574.2,9.14
2716,574.2,9.26
2717,574.2,9.38
2718,574.2,9.5
2719,574.2,9.62
2720,574.2,9.74
2721,574.2,9.86
2722,574.2,9.98
2723,574.2,10.1
2724,574.2,10.22
2725,574.2,10.34
2726,574.2,10.46
2727,574.2,10.58
2728,574.2,10.7
2729,574.2,10.82
2730,574.2,10.94
2731,574.2,11.06
2732,574.2,11.18
2733,574.2,11.3
2734,574.2,11.42
2735,574.2,11.54
2736,574.2,11.66
2737,574.2,11.78
2738,574.2,11.9
2739,574.2,12.02
2740,574.2,12.14
2741,574.2,12.26
2742,574.2,12.38
2743,574.2,12.5
2744,574.2,12.62
2745,574.2,12.74
2746,577.9,5.18
2747,577.9,5.3
2748,577.9,5.42
2749,577.9,5.54
2750,577.9,5.66
2751,577.9,5.78
2752,577.9,5.9
2753,577.9,6.02
2754,577.9,6.14
2755,577.9,6.26
2756,577.9,6.38
2757,577.9,6.5
2758,577.9,6.62
2759,577.9,6.74
2760,577.9,6.86
2761,577.9,6.98
2762,577.9,7.1
2763,577.9,7.22
2764,577.9,7.34
2765,577.9,7.46
2766,577.9,7.58
2767,577.9,7.7
2768,577.9,7.82
2769,577.9,7.94
2770,577.9,8.06
2771,577.9,8.18
2772,577.9,8.3
2773,577.9,8.42
2774,577.9,8.54
2775,577.9,8.66
2776,577.9,8.78
2777,577.9,8.9
2778,577.9,9.02
2779,577.9,9.14
2780,577.9,9.26
2781,577.9,9.38
2782,577.9,9.5
2783,577.9,9.62
2784,577.9,9.74
2785,577.9,9.86
2786,577.9,9.98
2787,577.9,10.1
2788,577.9,10.22
2789,577.9,10.34
2790,577.9,10.46
2791,577.9,10.58
2792,577.9,10.7
2793,577.9,10.82
2794,577.9,10.94
2795,577.9,11.06
2796,577.9,11.18
2797,577.9,11.3
2798,577.9,11.42
2799,577.9,11.54
2800,577.9,11.66
2801,577.9,11.78
2802,577.9,11.9
2803,577.9,12.02
2804,577.9,12.14
2805,577.9,12.26
2806,577.9,12.38
2807,577.9,12.5
2808,577.9,12.62
2809,577.9,12.74
2810,577.9,12.86
2811,581.6,5.18
2812,581.6,5.3
2813,581.6,5.42
2814,581.6,5.54
2815,581.6,5.66
2816,581.6,5.78
2817,581.6,5.9
2818,581.6,6.02
2819,581.6,6.14
2820,581.6,6.26
2821,581.6,6.38
2822,581.6,6.5
2823,581.6,6.62
2824,581.6,6.74
2825,581.6,6.86
2826,581.6,6.98
2827,581.6,7.1
2828,581.6,7.22
2829,581.6,7.34
2830,581.6,7.46
2831,581.6,7.58
2832,581.6,7.7
2833,581.6,7.82
2834,581.6,7.94
2835,581.6,8.06
2836,581.6,8.18
2837,581.6,8.3
2838,581.6,8.42
2839,581.6,8.54
2840,581.6,8.66
2841,581.6,8.78
2842,581.6,8.9
2843,581.6,9.02
2844,581.6,9.14
2845,581.6,9.26
2846,581.6,9.38
2847,581.6,9.5
2848,581.6,9.62
2849,581.6,9.74
2850,581.6,9.86
2851,581.6,9.98
2852,581.6,10.1
2853,581.6,10.22
2854,581.6,10.34
2855,581.6,10.46
2856,581.6,10.58
2857,581.6,10.7
2858,581.6,10.82
2859,581.6,10.94
2860,581.6,11.06
2861,581.6,11.18
2862,581.6,11.3
2863,581.6,11.42
2864,581.6,11.54
2865,581.6,11.66
2866,581.6,11.78
2867,581.6,11.9
2868,581.6,12.02
2869,581.6,12.14
2870,581.6,12.26
2871,581.6,12.38
2872,581.6,12.5
2873,581.6,12.62
2874,581.6,12.74
2875,581.6,12.86
2876,585.3,5.3
2877,585.3,5.42
2878,585.3,5.54
2879,585.3,5.66
2880,585.3,5.78
2881,585.3,5.9
2882,585.3,6.02
2883,585.3,6.14
2884,585.3,6.26
2885,585.3,6.38
2886,585.3,6.5
2887,585.3,6.62
2888,585.3,6.74
2889,585.3,6.86
2890,585.3,6.98
2891,585.3,7.1
2892,585.3,7.22
2893,585.3,7.34
2894,585.3,7.46
2895,585.3,7.58
2896,585.3,7.7
2897,585.3,7.82
2898,585.3,7.94
2899,585.3,8.06
2900,585.3,8.18
2901,585.3,8.3
2902,585.3,8.42
2903,585.3,8.54
2904,585.3,8.66
2905,585.3,8.78
2906,585.3,8.9
2907,585.3,9.02
2908,585.3,9.14
2909,585.3,9.26
2910,585.3,9.38
2911,585.3,9.5
2912,585.3,9.62
2913,585.3,9.74
2914,585.3,9.86
2915,585.3,9.98
2916,585.3,10.1
2917,585.3,10.22
2918,585.3,10.34
2919,585.3,10.46
2920,585.3,10.58
2921,585.3,10.7
2922,585.3,10.82
2923,585.3,10.94
2924,585.3,11.06
2925,585.3,11.18
2926,585.3,11.3
2927,585.3,11.42
2928,585.3,11.54
2929,585.3,11.66
2930,585.3,11.78
2931,585.3,11.9
2932,585.3,12.02
2933,585.3,12.14
2934,585.3,12.26
2935,585.3,12.38
2936,585.3,12.5
2937,585.3,12.62
2938,585.3,12.74
2939,585.3,12.86
2940,589,5.42
2941,589,5.54
2942,589,5.66
2943,589,5.78
2944,589,5.9
2945,589,6.02
2946,589,6.14
2947,589,6.26
2948,589,6.38
2949,589,6.5
2950,589,6.62
2951,589,6.74
2952,589,6.86
2953,589,6.98
2954,589,7.1
2955,589,7.22
2956,589,7.34
2957,589,7.46
2958,589,7.58
2959,589,7.7
2960,589,7.82
2961,589,7.94
2962,589,8.06
2963,589,8.18
2964,589,8.3
2965,589,8.42
2966,589,8.54
2967,589,8.66
2968,589,8.78
2969,589,8.9
2970,589,9.02
2971,589,9.14
2972,589,9.26
2973,589,9.38
2974,589,9.5
2975,589,9.62
2976,589,9.74
2977,589,9.86
2978,589,9.98
2979,589,10.1
2980,589,10.22
2981,589,10.34
2982,589,10.46
2983,589,10.58
2984,589,10.7
2985,589,10.82
2986,589,10.94
2987,589,11.06
2988,589,11.18
2989,589,11.3
2990,589,11.42
2991,589,11.54
2992,589,11.66
2993,589,11.78
2994,589,11.9
2995,589,12.02
2996,589,12.14
2997,589,12.26
2998,589,12.38
2999,589,12.5
3000,589,12.62
3001,589,12.74
3002,589,12.86
3003,589,12.98
3004,592.7,5.54
3005,592.7,5.66
3006,592.7,5.78
3007,592.7,5.9
3008,592.7,6.02
3009,592.7,6.14
3010,592.7,6.26
3011,592.7,6.38
3012,592.7,6.5
3013,592.7,6.62
3014,592.7,6.74
3015,592.7,6.86
3016,592.7,6.98
3017,592.7,7.1
3018,592.7,7.22
3019,592.7,7.34
3020,592.7,7.46
3021,592.7,7.58
3022,592.7,7.7
3023,592.7,7.82
3024,592.7,7.94
3025,592.7,8.06
3026,592.7,8.18
3027,592.7,8.3
3028,592.7,8.42
3029,592.7,8.54
3030,592.7,8.66
3031,592.7,8.78
3032,592.7,8.9
3033,592.7,9.02
3034,592.7,9.14
3035,592.7,9.26
3036,592.7,9.38
3037,592.7,9.5
3038,592.7,9.62
3039,592.7,9.74
3040,592.7,9.86
3041,592.7,9.98
3042,592.7,10.1
3043,592.7,10.22
3044,592.7,10.34
3045,592.7,10.46
3046,592.7,10.58
3047,592.7,10.7
3048,592.7,10.82
3049,592.7,10.94
3050,592.7,11.06
3051,592.7,11.18
3052,592.7,11.3
3053,592.7,11.42
3054,592.7,11.54
3055,592.7,11.66
3056,592.7,11.78
3057,592.7,11.9
3058,592.7,12.02
3059,592.7,12.14
3060,592.7,12.26
3061,592.7,12.38
3062,592.7,12.5
3063,592.7,12.62
3064,592.7,12.74
3065,592.7,12.86
3066,592.7,12.98
3067,596.4,5.66
3068,596.4,5.78
3069,596.4,5.9
3070,596.4,6.02
3071,596.4,6.14
3072,596.4,6.26
3073,596.4,6.38
3074,596.4,6.5
3075,596.4,6.62
3076,596.4,6.74
3077,596.4,6.86
3078,596.4,6.98
3079,596.4,7.1
3080,596.4,7.22
3081,596.4,7.34
3082,596.4,7.46
3083,596.4,7.58
3084,596.4,7.7
3085,596.4,7.82
3086,596.4,7.94
3087,596.4,8.06
3088,596.4,8.18
3089,596.4,8.3
3090,596.4,8.42
3091,596.4,8.54
3092,596.4,8.66
3093,596.4,8.78
3094,596.4,8.9
3095,596.4,9.02
3096,596.4,9.14
3097,596.4,9.26
3098,596.4,9.38
3099,596.4,9.5
3100,596.4,9.62
3101,596.4,9.74
3102,596.4,9.86
3103,596.4,9.98
3104,596.4,10.1
3105,596.4,10.22
3106,596.4,10.34
3107,596.4,10.46
3108,596.4,10.58
3109,596.4,10.7
3110,596.4,10.82
3111,596.4,10.94
3112,596.4,11.06
3113,596.4,11.18
3114,596.4,11.3
3115,596.4,11.42
3116,596.4,11.54
3117,596.4,11.66
3118,596.4,11.78
3119,596.4,11.9
3120,596.4,12.02
3121,596.4,12.14
3122,596.4,12.26
3123,596.4,12.38
3124,596.4,12.5
3125,596.4,12.62
3126,596.4,12.74
3127,596.4,12.86
3128,596.4,12.98
3129,596.4,13.1
3130,600.1,5.78
3131,600.1,5.9
3132,600.1,6.02
3133,600.1,6.14
3134,600.1,6.26
3135,600.1,6.38
3136,600.1,6.5
3137,600.1,6.62
3138,600.1,6.74
3139,600.1,6.86
3140,600.1,6.98
3141,600.1,7.1
3142,600.1,7.22
3143,600.1,7.34
3144,600.1,7.46
3145,600.1,7.58
3146,600.1,7.7
3147,600.1,7.82
3148,600.1,7.94
3149,600.1,8.06
3150,600.1,8.18
3151,600.1,8.3
3152,600.1,8.42
3153,600.1,8.54
3154,600.1,8.66
3155,600.1,8.78
3156,600.1,8.9
3157,600.1,9.02
3158,600.1,9.14
3159,600.1,9.26
3160,600.1,9.38
3161,600.1,9.5
3162,600.1,9.62
3163,600.1,9.74
3164,600.1,9.86
3165,600.1,9.98
3166,600.1,10.1
3167,600.1,10.22
3168,600.1,10.34
3169,600.1,10.46
3170,600.1,10.58
3171,600.1,10.7
3172,600.1,10.82
3173,600.1,10.94
3174,600.1,11.06
3175,600.1,11.18
3176,600.1,11.3
3177,600.1,11.42
3178,600.1,11.54
3179,600.1,11.66
3180,600.1,11.78
3181,600.1,11.9
3182,600.1,12.02
3183,600.1,12.14
3184,600.1,12.26
3185,600.1,12.38
3186,600.1,12.5
3187,600.1,12.62
3188,600.1,12.74
3189,600.1,12.86
3190,600.1,12.98
3191,600.1,13.1
3192,603.8,5.9
3193,603.8,6.02
3194,603.8,6.14
3195,603.8,6.26
3196,603.8,6.38
3197,603.8,6.5
3198,603.8,6.62
3199,603.8,6.74
3200,603.8,6.86
3201,603.8,6.98
3202,603.8,7.1
3203,603.8,7.22
3204,603.8,7.34
3205,603.8,7.46
3206,603.8,7.58
3207,603.8,7.7
3208,603.8,7.82
3209,603.8,7.94
3210,603.8,8.06
3211,603.8,8.18
3212,603.8,8.3
3213,603.8,8.42
3214,603.8,8.54
3215,603.8,8.66
3216,603.8,8.78
3217,603.8,8.9
3218,603.8,9.02
3219,603.8,9.14
3220,603.8,9.26
3221,603.8,9.38
3222,603.8,9.5
3223,603.8,9.62
3224,603.8,9.74
3225,603.8,9.86
3226,603.8,9.98
3227,603.8,10.1
3228,603.8,10.22
3229,603.8,10.34
3230,603.8,10.46
3231,603.8,10.58
3232,603.8,10.7
3233,603.8,10.82
3234,603.8,10.94
3235,603.8,11.06
3236,603.8,11.18
3237,603.8,11.3
3238,603.8,11.42
3239,603.8,11.54
3240,603.8,11.66
3241,603.8,11.78
3242,603.8,11.9
3243,603.8,12.02
3244,603.8,12.14
3245,603.8,12.26
3246,603.8,12.38
3247,603.8,12.5
3248,603.8,12.62
3249,603.8,12.74
3250,603.8,12.86
3251,603.8,12.98
3252,603.8,13.1
3253,603.8,13.22
3254,607.5,6.14
3255,607.5,6.26
3256,607.5,6.38
3257,607.5,6.5
3258,607.5,6.62
3259,607.5,6.74
3260,607.5,6.86
3261,607.5,6.98
3262,607.5,7.1
3263,607.5,7.22
3264,607.5,7.34
3265,607.5,7.46
3266,607.5,7.58
3267,607.5,7.7
3268,607.5,7.82
3269,607.5,7.94
3270,607.5,8.06
3271,607.5,8.18
3272,607.5,8.3
3273,607.5,8.42
3274,607.5,8.54
3275,607.5,8.66
3276,607.5,8.78
3277,607.5,8.9
3278,607.5,9.02
3279,607.5,9.14
3280,607.5,9.26
3281,607.5,9.38
3282,607.5,9.5
3283,607.5,9.62
3284,607.5,9.74
3285,607.5,9.86
3286,607.5,9.98
3287,607.5,10.1
3288,607.5,10.22
3289,607.5,10.34
3290,607.5,10.46
3291,607.5,10.58
3292,607.5,10.7
3293,607.5,10.82
3294,607.5,10.94
3295,607.5,11.06
3296,607.5,11.18
3297,607.5,11.3
3298,607.5,11.42
3299,607.5,11.54
3300,607.5,11.66
3301,607.5,11.78
3302,607.5,11.9
3303,607.5,12.02
3304,607.5,12.14
3305,607.5,12.26
3306,607.5,12.38
3307,607.5,12.5
3308,607.5,12.62
3309,607.5,12.74
3310,607.5,12.86
3311,607.5,12.98
3312,607.5,13.1
3313,607.5,13.22
3314,611.2,6.26
3315,611.2,6.38
3316,611.2,6.5
3317,611.2,6.62
3318,611.2,6.74
3319,611.2,6.86
3320,611.2,6.98
3321,611.2,7.1
3322,611.2,7.22
3323,611.2,7.34
3324,611.2,7.46
3325,611.2,7.58
3326,611.2,7.7
3327,611.2,7.82
3328,611.2,7.94
3329,611.2,8.06
3330,611.2,8.18
3331,611.2,8.3
3332,611.2,8.42
3333,611.2,8.54
3334,611.2,8.66
3335,611.2,8.78
3336,611.2,8.9
3337,611.2,9.02
3338,611.2,9.14
3339,611.2,9.26
3340,611.2,9.38
3341,611.2,9.5
3342,611.2,9.62
3343,611.2,9.74
3344,611.2,9.86
3345,611.2,9.98
3346,611.2,10.1
3347,611.2,10.22
3348,611.2,10.34
3349,611.2,10.46
3350,611.2,10.58
3351,611.2,10.7
3352,611.2,10.82
3353,611.2,10.94
3354,611.2,11.06
3355,611.2,11.18
3356,611.2,11.3
3357,611.2,11.42
3358,611.2,11.54
3359,611.2,11.66
3360,611.2,11.78
3361,611.2,11.9
3362,611.2,12.02
3363,611.2,12.14
3364,611.2,12.26
3365,611.2,12.38
3366,611.2,12.5
3367,611.2,12.62
3368,611.2,12.74
3369,611.2,12.86
3370,611.2,12.98
3371,611.2,13.1
3372,611.2,13.22
3373,611.2,13.34
3374,614.9,6.38
3375,614.9,6.5
3376,614.9,6.62
3377,614.9,6.74
3378,614.9,6.86
3379,614.9,6.98
3380,614.9,7.1
3381,614.9,7.22
3382,614.9,7.34
3383,614.9,7.46
3384,614.9,7.58
3385,614.9,7.7
3386,614.9,7.82
3387,614.9,7.94
3388,614.9,8.06
3389,614.9,8.18
3390,614.9,8.3
3391,614.9,8.42
3392,614.9,8.54
3393,614.9,8.66
3394,614.9,8.78
3395,614.9,8.9
3396,614.9,9.02
3397,614.9,9.14
3398,614.9,9.26
3399,614.9,9.38
3400,614.9,9.5
3401,614.9,9.62
3402,614.9,9.74
3403,614.9,9.86
3404,614.9,9.98
3405,614.9,10.1
3406,614.9,10.22
3407,614.9,10.34
3408,614.9,10.46
3409,614.9,10.58
3410,614.9,10.7
3411,614.9,10.82
3412,614.9,10.94
3413,614.9,11.06
3414,614.9,11.18
3415,614.9,11.3
3416,614.9,11.42
3417,614.9,11.54
3418,614.9,11.66
3419,614.9,11.78
3420,614.9,11.9
3421,614.9,12.02
3422,614.9,12.14
3423,614.9,12.26
3424,614.9,12.38
3425,614.9,12.5
3426,614.9,12.62
3427,614.9,12.74
3428,614.9,12.86
3429,614.9,12.98
3430,614.9,13.1
3431,614.9,13.22
3432,614.9,13.34
3433,618.6,6.62
3434,618.6,6.74
3435,618.6,6.86
3436,618.6,6.98
3437,618.6,7.1
3438,618.6,7.22
3439,618.6,7.34
3440,618.6,7.46
3441,618.6,7.58
3442,618.6,7.7
3443,618.6,7.82
3444,618.6,7.94
3445,618.6,8.06
3446,618.6,8.18
3447,618.6,8.3
3448,618.6,8.42
3449,618.6,8.54
3450,618.6,8.66
3451,618.6,8.78
3452,618.6,8.9
3453,618.6,9.02
3454,618.6,9.14
3455,618.6,9.26
3456,618.6,9.38
3457,618.6,9.5
3458,618.6,9.62
3459,618.6,9.74
3460,618.6,9.86
3461,618.6,9.98
3462,618.6,10.1
3463,618.6,10.22
3464,618.6,10.34
3465,618.6,10.46
3466,618.6,10.58
3467,618.6,10.7
3468,618.6,10.82
3469,618.6,10.94
3470,618.6,11.06
3471,618.6,11.18
3472,618.6,11.3
3473,618.6,11.42
3474,618.6,11.54
3475,618.6,11.66
3476,618.6,11.78
3477,618.6,11.9
3478,618.6,12.02
3479,618.6,12.14
3480,618.6,12.26
3481,618.6,12.38
3482,618.6,12.5
3483,618.6,12.62
3484,618.6,12.74
3485,618.6,12.86
3486,618.6,12.98
3487,618.6,13.1
3488,618.6,13.22
3489,618.6,13.34
3490,618.6,13.46
3491,622.3,6.74
3492,622.3,6.86
3493,622.3,6.98
3494,622.3,7.1
3495,622.3,7.22
3496,622.3,7.34
3497,622.3,7.46
3498,622.3,7.58
3499,622.3,7.7
3500,622.3,7.82
3501,622.3,7.94
3502,622.3,8.06
3503,622.3,8.18
3504,622.3,8.3
3505,622.3,8.42
3506,622.3,8.54
3507,622.3,8.66
3508,622.3,8.78
3509,622.3,8.9
3510,622.3,9.02
3511,622.3,9.14
3512,622.3,9.26
3513,622.3,9.38
3514,622.3,9.5
3515,622.3,9.62
3516,622.3,9.74
3517,622.3,9.86
3518,622.3,9.98
3519,622.3,10.1
3520,622.3,10.22
3521,622.3,10.34
3522,622.3,10.46
3523,622.3,10.58
3524,622.3,10.7
3525,622.3,10.82
3526,622.3,10.94
3527,622.3,11.06
3528,622.3,11.18
3529,622.3,11.3
3530,622.3,11.42
3531,622.3,11.54
3532,622.3,11.66
3533,622.3,11.78
3534,622.3,11.9
3535,622.3,12.02
3536,622.3,12.14
3537,622.3,12.26
3538,622.3,12.38
3539,622.3,12.5
3540,622.3,12.62
3541,622.3,12.74
3542,622.3,12.86
3543,622.3,12.98
3544,622.3,13.1
3545,622.3,13.22
3546,622.3,13.34
3547,622.3,13.46
3548,626,6.86
3549,626,6.98
3550,626,7.1
3551,626,7.22
3552,626,7.34
3553,626,7.46
3554,626,7.58
3555,626,7.7
3556,626,7.82
3557,626,7.94
3558,626,8.06
3559,626,8.18
3560,626,8.3
3561,626,8.42
3562,626,8.54
3563,626,8.66
3564,626,8.78
3565,626,8.9
3566,626,9.02
3567,626,9.14
3568,626,9.26
3569,626,9.38
3570,626,9.5
3571,626,9.62
3572,626,9.74
3573,626,9.86
3574,626,9.98
3575,626,10.1
3576,626,10.22
3577,626,10.34
3578,626,10.46
3579,626,10.58
3580,626,10.7
3581,626,10.82
3582,626,10.94
3583,626,11.06
3584,626,11.18
3585,626,11.3
3586,626,11.42
3587,626,11.54
3588,626,11.66
3589,626,11.78
3590,626,11.9
3591,626,12.02
3592,626,12.14
3593,626,12.26
3594,626,12.38
3595,626,12.5
3596,626,12.62
3597,626,12.74
3598,626,12.86
3599,626,12.98
3600,626,13.1
3601,626,13.22
3602,626,13.34
3603,626,13.46
3604,626,13.58
3605,629.7,7.1
3606,629.7,7.22
3607,629.7,7.34
3608,629.7,7.46
3609,629.7,7.58
3610,629.7,7.7
3611,629.7,7.82
3612,629.7,7.94
3613,629.7,8.06
3614,629.7,8.18
3615,629.7,8.3
3616,629.7,8.42
3617,629.7,8.54
3618,629.7,8.66
3619,629.7,8.78
3620,629.7,8.9
3621,629.7,9.02
3622,629.7,9.14
3623,629.7,9.26
3624,629.7,9.38
3625,629.7,9.5
3626,629.7,9.62
3627,629.7,9.74
3628,629.7,9.86
3629,629.7,9.98
3630,629.7,10.1
3631,629.7,10.22
3632,629.7,10.34
3633,629.7,10.46
3634,629.7,10.58
3635,629.7,10.7
3636,629.7,10.82
3637,629.7,10.94
3638,629.7,11.06
3639,629.7,11.18
3640,629.7,11.3
3641,629.7,11.42
3642,629.7,11.54
3643,629.7,11.66
3644,629.7,11.78
3645,629.7,11.9
3646,629.7,12.02
3647,629.7,12.14
3648,629.7,12.26
3649,629.7,12.38
3650,629.7,12.5
3651,629.7,12.62
3652,629.7,12.74
3653,629.7,12.86
3654,629.7,12.98
3655,629.7,13.1
3656,629.7,13.22
3657,629.7,13.34
3658,629.7,13.46
3659,629.7,13.58
3660,633.4,7.22
3661,633.4,7.34
3662,633.4,7.46
3663,633.4,7.58
3664,633.4,7.7
3665,633.4,7.82
3666,633.4,7.94
3667,633.4,8.06
3668,633.4,8.18
3669,633.4,8.3
3670,633.4,8.42
3671,633.4,8.54
3672,633.4,8.66
3673,633.4,8.78
3674,633.4,8.9
3675,633.4,9.02
3676,633.4,9.14
3677,633.4,9.26
3678,633.4,9.38
3679,633.4,9.5
3680,633.4,9.62
3681,633.4,9.74
3682,633.4,9.86
3683,633.4,9.98
3684,633.4,10.1
3685,633.4,10.22
3686,633.4,10.34
3687,633.4,10.46
3688,633.4,10.58
3689,633.4,10.7
3690,633.4,10.82
3691,633.4,10.94
3692,633.4,11.06
3693,633.4,11.18
3694,633.4,11.3
3695,633.4,11.42
3696,633.4,11.54
3697,633.4,11.66
3698,633.4,11.78
3699,633.4,11.9
3700,633.4,12.02
3701,633.4,12.14
3702,633.4,12.26
3703,633.4,12.38
3704,633.4,12.5
3705,633.4,12.62
3706,633.4,12.74
3707,633.4,12.86
3708,633.4,12.98
3709,633.4,13.1
3710,633.4,13.22
3711,633.4,13.34
3712,633.4,13.46
3713,633.4,13.58
3714,633.4,13.7
3715,637.1,7.34
3716,637.1,7.46
3717,637.1,7.58
3718,637.1,7.7
3719,637.1,7.82
3720,637.1,7.94
3721,637.1,8.06
3722,637.1,8.18
3723,637.1,8.3
3724,637.1,8.42
3725,637.1,8.54
3726,637.1,8.66
3727,637.1,8.78
3728,637.1,8.9
3729,637.1,9.02
3730,637.1,9.14
3731,637.1,9.26
3732,637.1,9.38
3733,637.1,9.5
3734,637.1,9.62
3735,637.1,9.74
3736,637.1,9.86
3737,637.1,9.98
3738,637.1,10.1
3739,637.1,10.22
3740,637.1,10.34
3741,637.1,10.46
3742,637.1,10.58
3743,637.1,10.7
3744,637.1,10.82
3745,637.1,10.94
3746,637.1,11.06
3747,637.1,11.18
3748,637.1,11.3
3749,637.1,11.42
3750,637.1,11.54
3751,637.1,11.66
3752,637.1,11.78
3753,637.1,11.9
3754,637.1,12.02
3755,637.1,12.14
3756,637.1,12.26
3757,637.1,12.38
3758,637.1,12.5
3759,637.1,12.62
3760,637.1,12.74
3761,637.1,12.86
3762,637.1,12.98
3763,637.1,13.1
3764,637.1,13.22
3765,637.1,13.34
3766,637.1,13.46
3767,637.1,13.58
3768,637.1,13.7
3769,640.8,7.58
3770,640.8,7.7
3771,640.8,7.82
3772,640.8,7.94
3773,640.8,8.06
3774,640.8,8.18
3775,640.8,8.3
3776,640.8,8.42
3777,640.8,8.54
3778,640.8,8.66
3779,640.8,8.78
3780,640.8,8.9
3781,640.8,9.02
3782,640.8,9.14
3783,640.8,9.26
3784,640.8,9.38
3785,640.8,9.5
3786,640.8,9.62
3787,640.8,9.74
3788,640.8,9.86
3789,640.8,9.98
3790,640.8,10.1
3791,640.8,10.22
3792,640.8,10.34
3793,640.8,10.46
3794,640.8,10.58
3795,640.8,10.7
3796,640.8,10.82
3797,640.8,10.94
3798,640.8,11.06
3799,640.8,11.18
3800,640.8,11.3
3801,640.8,11.42
3802,640.8,11.54
3803,640.8,11.66
3804,640.8,11.78
3805,640.8,11.9
3806,640.8,12.02
3807,640.8,12.14
3808,640.8,12.26
3809,640.8,12.38
3810,640.8,12.5
3811,640.8,12.62
3812,640.8,12.74
3813,640.8,12.86
3814,640.8,12.98
3815,640.8,13.1
3816,640.8,13.22
3817,640.8,13.34
3818,640.8,13.46
3819,640.8,13.58
3820,640.8,13.7
3821,640.8,13.82
3822,644.5,7.7
3823,644.5,7.82
3824,644.5,7.94
3825,644.5,8.06
3826,644.5,8.18
3827,644.5,8.3
3828,644.5,8.42
3829,644.5,8.54
3830,644.5,8.66
3831,644.5,8.78
3832,644.5,8.9
3833,644.5,9.02
3834,644.5,9.14
3835,644.5,9.26
3836,644.5,9.38
3837,644.5,9.5
3838,644.5,9.62
3839,644.5,9.74
3840,644.5,9.86
3841,644.5,9.98
3842,644.5,10.1
3843,644.5,10.22
3844,644.5,10.34
3845,644.5,10.46
3846,644.5,10.58
3847,644.5,10.7
3848,644.5,10.82
3849,644.5,10.94
3850,644.5,11.06
3851,644.5,11.18
3852,644.5,11.3
3853,644.5,11.42
3854,644.5,11.54
3855,644.5,11.66
3856,644.5,11.78
3857,644.5,11.9
3858,644.5,12.02
3859,644.5,12.14
3860,644.5,12.26
3861,644.5,12.38
3862,644.5,12.5
3863,644.5,12.62
3864,644.5,12.74
3865,644.5,12.86
3866,644.5,12.98
3867,644.5,13.1
3868,644.5,13.22
3869,644.5,13.34
3870,644.5,13.46
3871,644.5,13.58
3872,644.5,13.7
3873,644.5,13.82
3874,648.2,7.82
3875,648.2,7.94
3876,648.2,8.06
3877,648.2,8.18
3878,648.2,8.3
3879,648.2,8.42
3880,648.2,8.54
3881,648.2,8.66
3882,648.2,8.78
3883,648.2,8.9
3884,648.2,9.02
3885,648.2,9.14
3886,648.2,9.26
3887,648.2,9.38
3888,648.2,9.5
3889,648.2,9.62
3890,648.2,9.74
3891,648.2,9.86
3892,648.2,9.98
3893,648.2,10.1
3894,648.2,10.22
3895,648.2,10.34
3896,648.2,10.46
3897,648.2,10.58
3898,648.2,10.7
3899,648.2,10.82
3900,648.2,10.94
3901,648.2,11.06
3902,648.2,11.18
3903,648.2,11.3
3904,648.2,11.42
3905,648.2,11.54
3906,648.2,11.66
3907,648.2,11.78
3908,648.2,11.9
3909,648.2,12.02
3910,648.2,12.14
3911,648.2,12.26
3912,648.2,12.38
3913,648.2,12.5
3914,648.2,12.62
3915,648.2,12.74
3916,648.2,12.86
3917,648.2,12.98
3918,648.2,13.1
3919,648.2,13.22
3920,648.2,13.34
3921,648.2,13.46
3922,648.2,13.58
3923,648.2,13.7
3924,648.2,13.82
3925,651.9,8.06
3926,651.9,8.18
3927,651.9,8.3
3928,651.9,8.42
3929,651.9,8.54
3930,651.9,8.66
3931,651.9,8.78
3932,651.9,8.9
3933,651.9,9.02
3934,651.9,9.14
3935,651.9,9.26
3936,651.9,9.38
3937,651.9,9.5
3938,651.9,9.62
3939,651.9,9.74
3940,651.9,9.86
3941,651.9,9.98
3942,651.9,10.1
3943,651.9,10.22
3944,651.9,10.34
3945,651.9,10.46
3946,651.9,10.58
3947,651.9,10.7
3948,651.9,10.82
3949,651.9,10.94
3950,651.9,11.06
3951,651.9,11.18
3952,651.9,11.3
3953,651.9,11.42
3954,651.9,11.54
3955,651.9,11.66
3956,651.9,11.78
3957,651.9,11.9
3958,651.9,12.02
3959,651.9,12.14
3960,651.9,12.26
3961,651.9,12.38
3962,651.9,12.5
3963,651.9,12.62
3964,651.9,12.74
3965,651.9,12.86
3966,651.9,12.98
3967,651.9,13.1
3968,651.9,13.22
3969,651.9,13.34
3970,651.9,13.46
3971,651.9,13.58
3972,651.9,13.7
3973,651.9,13.82
3974,651.9,13.94
3975,655.6,8.18
3976,655.6,8.3
3977,655.6,8.42
3978,655.6,8.54
3979,655.6,8.66
3980,655.6,8.78
3981,655.6,8.9
3982,655.6,9.02
3983,655.6,9.14
3984,655.6,9.26
3985,655.6,9.38
3986,655.6,9.5
3987,655.6,9.62
3988,655.6,9.74
3989,655.6,9.86
3990,655.6,9.98
3991,655.6,10.1
3992,655.6,10.22
3993,655.6,10.34
3994,655.6,10.46
3995,655.6,10.58
3996,655.6,10.7
3997,655.6,10.82
3998,655.6,10.94
3999,655.6,11.06
4000,655.6,11.18
4001,655.6,11.3
4002,655.6,11.42
4003,655.6,11.54
4004,655.6,11.66
4005,655.6,11.78
4006,655.6,11.9
4007,655.6,12.02
4008,655.6,12.14
4009,655.6,12.26
4010,655.6,12.38
4011,655.6,12.5
4012,655.6,12.62
4013,655.6,12.74
4014,655.6,12.86
4015,655.6,12.98
4016,655.6,13.1
4017,655.6,13.22
4018,655.6,13.34
4019,655.6,13.46
4020,655.6,13.58
4021,655.6,13.7
4022,655.6,13.82
4023,655.6,13.94
4024,659.3,8.42
4025,659.3,8.54
4026,659.3,8.66
4027,659.3,8.78
4028,659.3,8.9
4029,659.3,9.02
4030,659.3,9.14
4031,659.3,9.26
4032,659.3,9.38
4033,659.3,9.5
4034,659.3,9.62
4035,659.3,9.74
4036,659.3,9.86
4037,659.3,9.98
4038,659.3,10.1
4039,659.3,10.22
4040,659.3,10.34
4041,659.3,10.46
4042,659.3,10.58
4043,659.3,10.7
4044,659.3,10.82
4045,659.3,10.94
4046,659.3,11.06
4047,659.3,11.18
4048,659.3,11.3
4049,659.3,11.42
4050,659.3,11.54
4051,659.3,11.66
4052,659.3,11.78
4053,659.3,11.9
4054,659.3,12.02
4055,659.3,12.14
4056,659.3,12.26
4057,659.3,12.38
4058,659.3,12.5
4059,659.3,12.62
4060,659.3,12.74
4061,659.3,12.86
4062,659.3,12.98
4063,659.3,13.1
4064,659.3,13.22
4065,659.3,13.34
4066,659.3,13.46
4067,659.3,13.58
4068,659.3,13.7
4069,659.3,13.82
4070,659.3,13.94
4071,659.3,14.06
4072,663,8.54
4073,663,8.66
4074,663,8.78
4075,663,8.9
4076,663,9.02
4077,663,9.14
4078,663,9.26
4079,663,9.38
4080,663,9.5
4081,663,9.62
4082,663,9.74
4083,663,9.86
4084,663,9.98
4085,663,10.1
4086,663,10.22
4087,663,10.34
4088,663,10.46
4089,663,10.58
4090,663,10.7
4091,663,10.82
4092,663,10.94
4093,663,11.06
4094,663,11.18
4095,663,11.3
4096,663,11.42
4097,663,11.54
4098,663,11.66
4099,663,11.78
4100,663,11.9
4101,663,12.02
4102,663,12.14
4103,663,12.26
4104,663,12.38
4105,663,12.5
4106,663,12.62
4107,663,12.74
4108,663,12.86
4109,663,12.98
4110,663,13.1
4111,663,13.22
4112,663,13.34
4113,663,13.46
4114,663,13.58
4115,663,13.7
4116,663,13.82
4117,663,13.94
4118,663,14.06
4119,666.7,8.66
4120,666.7,8.78
4121,666.7,8.9
4122,666.7,9.02
4123,666.7,9.14
4124,666.7,9.26
4125,666.7,9.38
4126,666.7,9.5
4127,666.7,9.62
4128,666.7,9.74
4129,666.7,9.86
4130,666.7,9.98
4131,666.7,10.1
4132,666.7,10.22
4133,666.7,10.34
4134,666.7,10.46
4135,666.7,10.58
4136,666.7,10.7
4137,666.7,10.82
4138,666.7,10.94
4139,666.7,11.06
4140,666.7,11.18
4141,666.7,11.3
4142,666.7,11.42
4143,666.7,11.54
4144,666.7,11.66
4145,666.7,11.78
4146,666.7,11.9
4147,666.7,12.02
4148,666.7,12.14
4149,666.7,12.26
4150,666.7,12.38
4151,666.7,12.5
4152,666.7,12.62
4153,666.7,12.74
4154,666.7,12.86
4155,666.7,12.98
4156,666.7,13.1
4157,666.7,13.22
4158,666.7,13.34
4159,666.7,13.46
4160,666.7,13.58
4161,666.7,13.7
4162,666.7,13.82
4163,666.7,13.94
4164,666.7,14.06
4165,666.7,14.18
4166,670.4,8.9
4167,670.4,9.02
4168,670.4,9.14
4169,670.4,9.26
4170,670.4,9.38
4171,670.4,9.5
4172,670.4,9.62
4173,670.4,9.74
4174,670.4,9.86
4175,670.4,9.98
4176,670.4,10.1
4177,670.4,10.22
4178,670.4,10.34
4179,670.4,10.46
4180,670.4,10.58
4181,670.4,10.7
4182,670.4,10.82
4183,670.4,10.94
4184,670.4,11.06
4185,670.4,11.18
4186,670.4,11.3
4187,670.4,11.42
4188,670.4,11.54
4189,670.4,11.66
4190,670.4,11.78
4191,670.4,11.9
4192,670.4,12.02
4193,670.4,12.14
4194,670.4,12.26
4195,670.4,12.38
4196,670.4,12.5
4197,670.4,12.62
4198,670.4,12.74
4199,670.4,12.86
4200,670.4,12.98
4201,670.4,13.1
4202,670.4,13.22
4203,670.4,13.34
4204,670.4,13.46
4205,670.4,13.58
4206,670.4,13.7
4207,670.4,13.82
4208,670.4,13.94
4209,670.4,14.06
4210,670.4,14.18
4211,674.1,9.02
4212,674.1,9.14
4213,674.1,9.26
4214,674.1,9.38
4215,674.1,9.5
4216,674.1,9.62
4217,674.1,9.74
4218,674.1,9.86
4219,674.1,9.98
4220,674.1,10.1
4221,674.1,10.22
4222,674.1,10.34
4223,674.1,10.46
4224,674.1,10.58
4225,674.1,10.7
4226,674.1,10.82
4227,674.1,10.94
4228,674.1,11.06
4229,674.1,11.18
4230,674.1,11.3
4231,674.1,11.42
4232,674.1,11.54
4233,674.1,11.66
4234,674.1,11.78
4235,674.1,11.9
4236,674.1,12.02
4237,674.1,12.14
4238,674.1,12.26
4239,674.1,12.38
4240,674.1,12.5
4241,674.1,12.62
4242,674.1,12.74
4243,674.1,12.86
4244,674.1,12.98
4245,674.1,13.1
4246,674.1,13.22
4247,674.1,13.34
4248,674.1,13.46
4249,674.1,13.58
4250,674.1,13.7
4251,674.1,13.82
4252,674.1,13.94
4253,677.8,9.14
4254,677.8,9.26
4255,677.8,9.38
4256,677.8,9.5
4257,677.8,9.62
4258,677.8,9.74
4259,677.8,9.86
4260,677.8,9.98
4261,677.8,10.1
4262,677.8,10.22
4263,677.8,10.34
4264,677.8,10.46
4265,677.8,10.58
4266,677.8,10.7
4267,677.8,10.82
4268,677.8,10.94
4269,677.8,11.06
4270,677.8,11.18
4271,677.8,11.3
4272,677.8,11.42
4273,677.8,11.54
4274,677.8,11.66
4275,677.8,11.78
4276,677.8,11.9
4277,677.8,12.02
4278,677.8,12.14
4279,677.8,12.26
4280,677.8,12.38
4281,677.8,12.5
4282,677.8,12.62
4283,677.8,12.74
4284,677.8,12.86
4285,677.8,12.98
4286,677.8,13.1
4287,677.8,13.22
4288,677.8,13.34
4289,677.8,13.46
4290,681.5,9.38
4291,681.5,9.5
4292,681.5,9.62
4293,681.5,9.74
4294,681.5,9.86
4295,681.5,9.98
4296,681.5,10.1
4297,681.5,10.22
4298,681.5,10.34
4299,681.5,10.46
4300,681.5,10.58
4301,681.5,10.7
4302,681.5,10.82
4303,681.5,10.94
4304,681.5,11.06
4305,681.5,11.18
4306,681.5,11.3
4307,681.5,11.42
4308,681.5,11.54
4309,681.5,11.66
4310,681.5,11.78
4311,681.5,11.9
4312,681.5,12.02
4313,681.5,12.14
4314,681.5,12.26
4315,681.5,12.38
4316,681.5,12.5
4317,681.5,12.62
4318,681.5,12.74
4319,681.5,12.86
4320,681.5,12.98
4321,685.2,9.62
4322,685.2,9.74
4323,685.2,9.86
4324,685.2,9.98
4325,685.2,10.1
4326,685.2,10.22
4327,685.2,10.34
4328,685.2,10.46
4329,685.2,10.58
4330,685.2,10.7
4331,685.2,10.82
4332,685.2,10.94
4333,685.2,11.06
4334,685.2,11.18
4335,685.2,11.3
4336,685.2,11.42
4337,685.2,11.54
4338,685.2,11.66
4339,685.2,11.78
4340,685.2,11.9
4341,685.2,12.02
4342,685.2,12.14
4343,685.2,12.26
4344,685.2,12.38
4345,688.9,9.74
4346,688.9,9.86
4347,688.9,9.98
4348,688.9,10.1
4349,688.9,10.22
4350,688.9,10.34
4351,688.9,10.46
4352,688.9,10.58
4353,688.9,10.7
4354,688.9,10.82
4355,688.9,10.94
4356,688.9,11.06
4357,688.9,11.18
4358,688.9,11.3
4359,688.9,11.42
4360,688.9,11.54
4361,688.9,11.66
4362,688.9,11.78
4363,692.6,9.98
4364,692.6,10.1
4365,692.6,10.22
4366,692.6,10.34
4367,692.6,10.46
4368,692.6,10.58
4369,692.6,10.7
4370,692.6,10.82
4371,692.6,10.94
4372,692.6,11.06
4373,692.6,11.18
4374,692.6,11.3
